member_id,committees_history
7357,"2022.08.02 ~ 2023.06.13 제21대 연금개혁특별위원회
2022.07.22 ~ 2024.05.29 제21대 보건복지위원회
2020.07.06 ~ 2022.05.29 제21대 보건복지위원회
2020.06.29 ~ 2020.07.06 제21대 행정안전위원회"
7358,"2022.07.26 ~ 2023.05.29 제21대 예산결산특별위원회
2022.07.22 ~ 2024.05.29 제21대 국토교통위원회
2021.12.01 ~ 2022.05.29 제21대 정치개혁 특별위원회
2020.07.06 ~ 2022.05.29 제21대 국방위원회
2020.06.29 ~ 2020.07.06 제21대 행정안전위원회"
7359,"2023.08.30 ~ 2024.05.29 제21대 교육위원회
2023.08.17 ~ 2023.08.30 제21대 과학기술정보방송통신위원회
2023.02.09 ~ 2024.05.29 제21대 인구위기특별위원회
2022.07.22 ~ 2023.08.17 제21대 교육위원회
2022.07.22 ~ 2023.05.10 제21대 국회운영위원회
2022.07.22 ~ 2022.08.17 제21대 예산결산특별위원회
2022.04.07 ~ 2022.05.29 제21대 국회운영위원회
2021.07.02 ~ 2022.05.29 제21대 예산결산특별위원회
2020.06.15 ~ 2022.05.29 제21대 교육위원회"
7360,"2022.08.02 ~ 2023.01.17 제21대 정치개혁특별위원회
2022.07.26 ~ 2023.05.29 제21대 예산결산특별위원회
2022.07.22 ~ 2024.05.29 제21대 정무위원회
2022.07.21 ~ 2022.10.31 제21대 민생경제안정특별위원회
2021.12.01 ~ 2022.05.29 제21대 정치개혁 특별위원회
2021.11.15 ~ 2022.04.22 제21대 중앙선거관리위원회 위원(문상부) 선출에 관한 인사청문특별위원회
2021.06.08 ~ 2022.05.06 제21대 국회운영위원회
2020.07.06 ~ 2022.05.29 제21대 정무위원회
2020.06.15 ~ 2020.07.06 제21대 산업통상자원중소벤처기업위원회"
7361,"2024.02.19 ~ 2024.02.29 제21대 대법관(신숙희·엄상필)임명동의에관한인사청문특별위원회
2023.10.25 ~ 2023.11.30 제21대 헌법재판소장(이종석)임명동의에관한인사청문특별위원회
2023.06.27 ~ 2023.07.18 제21대 대법관(권영준·서경환) 임명동의에 관한 인사청문특별위원회
2023.06.27 ~ 2023.07.18 제21대 대법관(권영준서경환)임명동의에관한인사청문특별위원회
2023.06.21 ~ 2023.07.04 제21대 여성가족위원회
2022.11.03 ~ 2023.05.29 제21대 예산결산특별위원회
2022.07.22 ~ 2024.05.29 제21대 교육위원회
2022.07.22 ~ 2023.05.10 제21대 국회운영위원회
2022.07.12 ~ 2022.08.02 제21대 중앙선거관리위원회위원(남래진)선출에관한인사청문특별위원회
2021.07.02 ~ 2022.05.29 제21대 예산결산특별위원회
2021.01.20 ~ 2022.05.29 제21대 국회운영위원회
2020.06.15 ~ 2022.05.29 제21대 교육위원회"
7362,"2023.06.14 ~ 2024.05.29 제21대 행정안전위원회
2022.07.22 ~ 2023.06.14 제21대 정무위원회
2022.04.11 ~ 2022.05.20 제21대 국무총리후보자(한덕수)에 관한 인사청문특별위원회
2022.03.28 ~ 2022.05.29 제21대 보건복지위원회
2022.03.21 ~ 2022.03.28 제21대 국방위원회
2020.06.15 ~ 2022.03.21 제21대 보건복지위원회"
7363,"2023.02.16 ~ 2023.12.31 제21대 국회 2030 부산세계박람회 유치지원 특별위원회
2022.11.03 ~ 2023.05.29 제21대 예산결산특별위원회
2022.07.22 ~ 2024.05.29 제21대 보건복지위원회
2022.07.22 ~ 2022.07.26 제21대 여성가족위원회
2021.08.17 ~ 2022.05.29 제21대 여성가족위원회
2021.07.02 ~ 2022.05.29 제21대 예산결산특별위원회
2021.04.23 ~ 2021.05.13 제21대 국무총리(김부겸) 임명동의에 관한 인사청문특별위원회
2020.06.15 ~ 2022.05.29 제21대 보건복지위원회
2020.06.15 ~ 2020.09.24 제21대 국회운영위원회"
8746,2023.04.19 ~ 2024.05.29 제21대 정무위원회
7364,"2023.11.20 ~ 2023.12.08 제21대 대법원장(조희대)임명동의에관한인사청문특별위원회
2022.08.02 ~ 2024.05.29 제21대 연금개혁특별위원회
2022.07.22 ~ 2024.05.29 제21대 보건복지위원회
2022.04.11 ~ 2022.04.11 제21대 국무총리후보자(한덕수)에 관한 인사청문특별위원회
2021.07.02 ~ 2022.05.29 제21대 예산결산특별위원회
2020.09.11 ~ 2021.05.04 제21대 국회운영위원회
2020.06.15 ~ 2022.05.29 제21대 환경노동위원회
2020.06.09 ~ 2020.06.10 제21대 국회상임위원회 위원 정수에 관한 규칙 개정 특별위원회"
7365,"2023.10.23 ~ 2024.05.29 제21대 국회운영위원회
2022.07.22 ~ 2024.05.29 제21대 기획재정위원회
2021.07.02 ~ 2022.05.29 제21대 예산결산특별위원회
2021.04.29 ~ 2022.04.04 제21대 국회운영위원회
2020.06.15 ~ 2022.05.29 제21대 국토교통위원회"
7366,"2023.06.14 ~ 2024.05.29 제21대 정무위원회
2023.06.14 ~ 2024.05.29 제21대 예산결산특별위원회
2022.07.22 ~ 2023.06.14 제21대 보건복지위원회
2020.06.15 ~ 2022.05.29 제21대 산업통상자원중소벤처기업위원회"
7367,"2022.08.17 ~ 2024.05.29 제21대 과학기술정보방송통신위원회
2022.08.01 ~ 2022.08.17 제21대 외교통일위원회
2022.07.22 ~ 2022.08.01 제21대 과학기술정보방송통신위원회
2022.04.07 ~ 2022.05.29 제21대 국회운영위원회
2021.09.02 ~ 2021.09.16 제21대 대법관(오경미) 임명동의에 관한 인사청문특별위원회
2021.07.02 ~ 2022.05.29 제21대 예산결산특별위원회
2021.02.15 ~ 2022.05.29 제21대 보건복지위원회
2020.06.15 ~ 2021.02.15 제21대 산업통상자원중소벤처기업위원회"
7368,"2023.05.10 ~ 2023.10.23 제21대 국회운영위원회
2022.11.23 ~ 2024.05.29 제21대 연금개혁특별위원회
2022.07.22 ~ 2023.01.31 제21대 예산결산특별위원회
2022.07.22 ~ 2024.05.29 제21대 보건복지위원회
2020.06.15 ~ 2022.05.29 제21대 보건복지위원회"
7369,"2023.06.14 ~ 2023.07.04 제21대 예산결산특별위원회
2022.07.22 ~ 2024.05.29 제21대 기획재정위원회
2020.06.15 ~ 2022.05.29 제21대 기획재정위원회"
7370,"2021.07.02 ~ 2021.10.25 제21대 예산결산특별위원회
2020.07.06 ~ 2021.06.08 제21대 국회운영위원회
2020.06.29 ~ 2021.11.11 제21대 교육위원회"
7371,"2023.02.09 ~ 2024.05.29 제21대 첨단전략산업특별위원회
2022.07.22 ~ 2024.05.29 제21대 산업통상자원중소벤처기업위원회
2021.10.07 ~ 2021.11.11 제21대 감사원장(최재해) 임명동의에 관한 인사청문특별위원회
2020.06.15 ~ 2022.05.29 제21대 산업통상자원중소벤처기업위원회"
7372,"2023.06.14 ~ 2024.05.29 제21대 예산결산특별위원회
2022.07.22 ~ 2024.05.29 제21대 산업통상자원중소벤처기업위원회
2021.07.02 ~ 2022.05.29 제21대 예산결산특별위원회
2020.07.06 ~ 2022.05.29 제21대 산업통상자원중소벤처기업위원회
2020.06.29 ~ 2020.07.06 제21대 국회운영위원회
2020.06.29 ~ 2020.07.06 제21대 정무위원회"
7373,"2023.08.31 ~ 2023.10.06 제21대 대법원장(이균용)임명동의에관한인사청문특별위원회
2023.05.30 ~ 2024.05.29 제21대 행정안전위원회
2022.07.22 ~ 2023.05.30 제21대 과학기술정보방송통신위원회
2022.07.22 ~ 2022.09.27 제21대 국회운영위원회
2022.07.22 ~ 2022.12.28 제21대 정보위원회
2022.04.28 ~ 2022.05.29 제21대 외교통일위원회
2022.04.15 ~ 2022.05.29 제21대 국회운영위원회
2022.04.15 ~ 2022.05.29 제21대 정보위원회
2022.04.12 ~ 2022.04.28 제21대 기획재정위원회
2021.07.02 ~ 2021.07.08 제21대 예산결산특별위원회
2021.06.21 ~ 2022.04.12 제21대 법제사법위원회
2021.06.15 ~ 2021.06.21 제21대 환경노동위원회
2020.06.15 ~ 2021.06.15 제21대 농림축산식품해양수산위원회"
7374,"2022.09.02 ~ 2024.05.29 제21대 국토교통위원회
2022.08.04 ~ 2022.09.02 제21대 보건복지위원회
2022.07.22 ~ 2022.08.04 제21대 기획재정위원회
2021.06.21 ~ 2022.05.29 제21대 환경노동위원회
2020.07.06 ~ 2021.06.21 제21대 행정안전위원회
2020.06.29 ~ 2020.07.06 제21대 예산결산특별위원회
2020.06.15 ~ 2020.07.06 제21대 외교통일위원회"
7375,"2022.07.22 ~ 2024.01.29 제21대 교육위원회
2021.04.19 ~ 2021.04.29 제21대 대법관(천대엽) 임명동의에 관한 인사청문특별위원회
2020.06.15 ~ 2022.05.29 제21대 정무위원회"
7376,"2023.06.14 ~ 2024.05.29 제21대 행정안전위원회
2022.07.22 ~ 2024.05.29 제21대 여성가족위원회
2022.07.22 ~ 2023.06.14 제21대 법제사법위원회
2021.06.10 ~ 2022.05.29 제21대 교육위원회
2021.06.07 ~ 2021.06.10 제21대 국방위원회
2020.08.24 ~ 2020.09.07 제21대 대법관(이흥구) 임명동의에 관한 인사청문특별위원회
2020.06.15 ~ 2021.06.07 제21대 교육위원회
2020.06.15 ~ 2022.05.29 제21대 여성가족위원회"
7377,"2022.11.23 ~ 2023.01.17 제21대 용산이태원참사진상규명과재발방지를위한국정조사특별위원회
2022.11.23 ~ 2023.01.17 제21대 용산이태원참사진상규명을위한국정조사특별위원회
2022.08.17 ~ 2022.11.24 제21대 대법관(오석준) 임명동의에 관한 인사청문특별위원회
2022.07.22 ~ 2024.05.29 제21대 법제사법위원회
2022.07.22 ~ 2023.05.29 제21대 예산결산특별위원회
2021.05.17 ~ 2022.05.29 제21대 농림축산식품해양수산위원회
2021.02.15 ~ 2021.05.17 제21대 기획재정위원회
2020.08.24 ~ 2020.09.07 제21대 대법관(이흥구) 임명동의에 관한 인사청문특별위원회
2020.06.15 ~ 2021.02.15 제21대 보건복지위원회"
7378,"2023.06.14 ~ 2024.05.29 제21대 예산결산특별위원회
2023.04.19 ~ 2024.05.29 제21대 국방위원회
2022.07.22 ~ 2023.04.19 제21대 법제사법위원회
2022.03.28 ~ 2022.05.29 제21대 국방위원회
2022.03.21 ~ 2022.03.28 제21대 보건복지위원회
2021.02.15 ~ 2022.03.21 제21대 국방위원회
2020.06.15 ~ 2021.02.15 제21대 기획재정위원회"
7379,"2023.06.14 ~ 2024.05.29 제21대 예산결산특별위원회
2022.07.22 ~ 2024.05.29 제21대 산업통상자원중소벤처기업위원회
2022.07.21 ~ 2022.10.31 제21대 민생경제안정특별위원회
2020.06.15 ~ 2022.05.29 제21대 산업통상자원중소벤처기업위원회"
7380,"2022.07.22 ~ 2024.05.29 제21대 외교통일위원회
2021.09.01 ~ 2022.05.29 제21대 외교통일위원회
2020.06.15 ~ 2022.05.29 제21대 정보위원회
2020.06.15 ~ 2021.09.01 제21대 기획재정위원회"
7381,"2022.11.23 ~ 2023.01.17 제21대 용산이태원참사진상규명과재발방지를위한국정조사특별위원회
2022.11.23 ~ 2023.01.17 제21대 용산이태원참사진상규명을위한국정조사특별위원회
2022.07.22 ~ 2024.05.29 제21대 행정안전위원회
2022.07.12 ~ 2022.08.02 제21대 중앙선거관리위원회위원(남래진)선출에관한인사청문특별위원회
2020.06.15 ~ 2022.05.29 제21대 국토교통위원회"
10,2024.01.31 ~ 2024.05.29 제21대 교육위원회
7382,"2023.03.27 ~ 2024.05.29 제21대 행정안전위원회
2023.02.03 ~ 2023.03.27 제21대 국방위원회
2023.01.25 ~ 2023.02.03 제21대 외교통일위원회
2022.07.22 ~ 2023.01.25 제21대 국방위원회
2021.10.20 ~ 2022.05.29 제21대 외교통일위원회
2021.10.18 ~ 2021.10.20 제21대 정무위원회
2021.06.08 ~ 2022.04.15 제21대 국회운영위원회
2021.05.04 ~ 2022.04.15 제21대 정보위원회
2020.08.24 ~ 2020.09.07 제21대 대법관(이흥구) 임명동의에 관한 인사청문특별위원회
2020.07.06 ~ 2021.10.18 제21대 외교통일위원회
2020.07.06 ~ 2020.08.14 제21대 예산결산특별위원회
2020.06.15 ~ 2020.07.06 제21대 산업통상자원중소벤처기업위원회"
7383,"2023.06.02 ~ 2024.05.29 제21대 교육위원회
2022.07.22 ~ 2023.06.02 제21대 법제사법위원회
2022.03.28 ~ 2022.05.29 제21대 법제사법위원회
2022.03.07 ~ 2022.03.28 제21대 문화체육관광위원회
2021.10.07 ~ 2021.11.11 제21대 감사원장(최재해) 임명동의에 관한 인사청문특별위원회
2021.07.02 ~ 2021.11.01 제21대 예산결산특별위원회
2021.04.19 ~ 2021.04.29 제21대 대법관(천대엽) 임명동의에 관한 인사청문특별위원회
2020.06.15 ~ 2022.03.07 제21대 법제사법위원회"
7384,"2023.11.20 ~ 2023.12.05 제21대 대법원장(조희대)임명동의에관한인사청문특별위원회
2022.07.22 ~ 2024.05.29 제21대 법제사법위원회
2021.06.21 ~ 2022.05.29 제21대 행정안전위원회
2021.04.23 ~ 2021.05.13 제21대 국무총리(김부겸) 임명동의에 관한 인사청문특별위원회
2020.07.06 ~ 2020.11.11 제21대 국회운영위원회
2020.06.15 ~ 2021.06.21 제21대 법제사법위원회"
7385,"2023.02.09 ~ 2024.05.29 제21대 첨단전략산업특별위원회
2022.07.22 ~ 2023.05.29 제21대 예산결산특별위원회
2022.07.22 ~ 2024.05.29 제21대 국토교통위원회
2020.06.15 ~ 2022.05.29 제21대 기획재정위원회"
7386,"2024.05.21 ~ 2024.05.29 제21대 보건복지위원회
2024.05.13 ~ 2024.05.21 제21대 법제사법위원회
2023.10.25 ~ 2023.11.30 제21대 헌법재판소장(이종석)임명동의에관한인사청문특별위원회
2023.04.25 ~ 2024.05.29 제21대 여성가족위원회
2023.02.09 ~ 2024.05.29 제21대 기후위기특별위원회
2022.12.28 ~ 2024.05.29 제21대 윤리특별위원회
2022.09.29 ~ 2023.04.25 제21대 국회운영위원회
2022.08.02 ~ 2024.05.29 제21대 연금개혁특별위원회
2022.07.26 ~ 2023.05.29 제21대 예산결산특별위원회
2022.07.22 ~ 2024.05.13 제21대 보건복지위원회
2022.07.22 ~ 2022.10.18 제21대 여성가족위원회
2022.04.15 ~ 2022.05.20 제21대 국무총리후보자(한덕수)에 관한 인사청문특별위원회
2022.01.28 ~ 2022.03.14 제21대 예산결산특별위원회
2020.09.10 ~ 2022.05.06 제21대 윤리특별위원회
2020.07.06 ~ 2022.05.29 제21대 여성가족위원회
2020.07.06 ~ 2022.05.29 제21대 보건복지위원회
2020.06.29 ~ 2020.07.06 제21대 국토교통위원회
2020.06.29 ~ 2020.07.06 제21대 예산결산특별위원회"
7387,"2022.07.22 ~ 2024.05.29 제21대 국토교통위원회
2022.07.22 ~ 2022.09.27 제21대 정보위원회
2021.01.07 ~ 2022.05.29 제21대 정보위원회
2020.06.15 ~ 2022.05.29 제21대 국방위원회"
7388,"2022.08.02 ~ 2023.04.07 제21대 연금개혁특별위원회
2022.07.22 ~ 2024.05.29 제21대 보건복지위원회
2020.09.24 ~ 2022.05.29 제21대 보건복지위원회
2020.06.15 ~ 2020.09.24 제21대 행정안전위원회
2020.06.15 ~ 2021.03.16 제21대 예산결산특별위원회"
7389,"2023.06.14 ~ 2024.05.29 제21대 예산결산특별위원회
2022.07.22 ~ 2024.05.29 제21대 국토교통위원회
2021.12.01 ~ 2022.05.29 제21대 정치개혁 특별위원회
2021.11.15 ~ 2022.04.22 제21대 중앙선거관리위원회 위원(문상부) 선출에 관한 인사청문특별위원회
2021.06.25 ~ 2022.05.29 제21대 행정안전위원회
2021.06.22 ~ 2021.06.25 제21대 교육위원회
2021.04.29 ~ 2022.04.07 제21대 국회운영위원회
2021.04.19 ~ 2021.04.20 제21대 대법관(천대엽) 임명동의에 관한 인사청문특별위원회
2020.06.15 ~ 2021.06.22 제21대 행정안전위원회"
7390,"2023.12.29 ~ 2024.05.29 제21대 국토교통위원회
2023.12.22 ~ 2023.12.29 제21대 환경노동위원회
2022.07.22 ~ 2024.05.29 제21대 정보위원회
2022.07.22 ~ 2023.12.22 제21대 국토교통위원회
2020.06.15 ~ 2022.05.29 제21대 국방위원회
2020.06.15 ~ 2022.05.29 제21대 정보위원회"
7391,"2023.07.31 ~ 2024.05.29 제21대 과학기술정보방송통신위원회
2022.08.23 ~ 2022.09.07 제21대 국회운영위원회
2022.07.22 ~ 2023.07.31 제21대 교육위원회
2022.07.22 ~ 2023.01.05 제21대 예산결산특별위원회
2022.05.06 ~ 2022.06.30 제21대 윤리특별위원회
2021.12.01 ~ 2022.05.29 제21대 정치개혁 특별위원회
2020.06.29 ~ 2022.05.29 제21대 교육위원회
2020.06.29 ~ 2020.07.06 제21대 여성가족위원회"
7392,"2023.06.27 ~ 2023.07.18 제21대 대법관(권영준·서경환) 임명동의에 관한 인사청문특별위원회
2023.06.27 ~ 2023.07.18 제21대 대법관(권영준서경환)임명동의에관한인사청문특별위원회
2023.06.14 ~ 2024.05.29 제21대 예산결산특별위원회
2022.07.22 ~ 2024.05.29 제21대 국토교통위원회
2020.06.15 ~ 2022.05.29 제21대 정무위원회"
7393,"2023.05.12 ~ 2024.05.29 제21대 국회운영위원회
2022.09.08 ~ 2023.05.10 제21대 국회운영위원회
2022.07.22 ~ 2024.05.29 제21대 국방위원회
2022.07.22 ~ 2022.08.17 제21대 국회운영위원회
2022.05.16 ~ 2022.05.29 제21대 국회운영위원회
2021.07.02 ~ 2022.05.29 제21대 예산결산특별위원회
2021.04.29 ~ 2022.04.07 제21대 국회운영위원회
2021.04.23 ~ 2021.05.13 제21대 국무총리(김부겸) 임명동의에 관한 인사청문특별위원회
2020.06.15 ~ 2022.05.29 제21대 국방위원회"
7394,"2023.03.24 ~ 2023.08.30 제21대 국회운영위원회
2022.08.02 ~ 2024.05.29 제21대 정치개혁특별위원회
2022.07.22 ~ 2024.05.29 제21대 기획재정위원회
2020.07.06 ~ 2022.05.29 제21대 국토교통위원회
2020.06.29 ~ 2020.07.06 제21대 과학기술정보방송통신위원회
2020.06.29 ~ 2020.07.06 제21대 예산결산특별위원회"
7395,"2023.02.09 ~ 2023.03.20 제21대 인구위기특별위원회
2022.07.22 ~ 2024.05.29 제21대 외교통일위원회
2020.06.15 ~ 2022.05.29 제21대 과학기술정보방송통신위원회"
7396,"2022.07.22 ~ 2024.05.29 제21대 외교통일위원회
2020.07.06 ~ 2022.05.29 제21대 외교통일위원회
2020.06.29 ~ 2020.07.06 제21대 문화체육관광위원회"
7397,"2022.07.22 ~ 2023.05.18 제21대 여성가족위원회
2022.07.22 ~ 2022.07.26 제21대 예산결산특별위원회
2022.07.22 ~ 2023.05.18 제21대 국토교통위원회
2022.05.06 ~ 2022.06.30 제21대 윤리특별위원회
2021.07.02 ~ 2022.05.29 제21대 예산결산특별위원회
2020.07.06 ~ 2022.05.29 제21대 농림축산식품해양수산위원회
2020.06.29 ~ 2020.07.06 제21대 예산결산특별위원회
2020.06.29 ~ 2020.07.06 제21대 환경노동위원회"
7398,"2023.11.06 ~ 2023.11.15 제21대 국회운영위원회
2023.10.25 ~ 2023.11.30 제21대 헌법재판소장(이종석)임명동의에관한인사청문특별위원회
2023.02.09 ~ 2023.11.17 제21대 첨단전략산업특별위원회
2023.01.17 ~ 2024.05.29 제21대 정치개혁특별위원회
2022.07.22 ~ 2022.08.17 제21대 예산결산특별위원회
2022.07.22 ~ 2024.05.29 제21대 산업통상자원중소벤처기업위원회
2021.12.01 ~ 2022.05.29 제21대 정치개혁 특별위원회
2021.07.02 ~ 2021.10.25 제21대 예산결산특별위원회
2020.09.10 ~ 2021.05.10 제21대 윤리특별위원회
2020.06.29 ~ 2021.06.08 제21대 국회운영위원회
2020.06.29 ~ 2022.05.29 제21대 환경노동위원회
2020.06.09 ~ 2020.06.10 제21대 국회상임위원회 위원 정수에 관한 규칙 개정 특별위원회"
7399,"2022.08.02 ~ 2024.05.29 제21대 연금개혁특별위원회
2022.07.22 ~ 2024.05.29 제21대 정무위원회
2020.06.15 ~ 2022.05.29 제21대 보건복지위원회"
7400,"2023.02.09 ~ 2024.05.29 제21대 기후위기특별위원회
2022.07.22 ~ 2024.05.29 제21대 산업통상자원중소벤처기업위원회
2022.07.21 ~ 2022.10.31 제21대 민생경제안정특별위원회
2021.05.27 ~ 2022.05.29 제21대 산업통상자원중소벤처기업위원회
2021.05.25 ~ 2021.05.27 제21대 정무위원회
2021.04.29 ~ 2022.04.07 제21대 국회운영위원회
2020.06.15 ~ 2021.05.25 제21대 산업통상자원중소벤처기업위원회"
7401,"2023.06.14 ~ 2024.05.29 제21대 예산결산특별위원회
2023.02.09 ~ 2024.05.29 제21대 첨단전략산업특별위원회
2022.07.22 ~ 2023.05.10 제21대 국회운영위원회
2022.07.22 ~ 2024.05.29 제21대 국토교통위원회
2022.04.07 ~ 2022.05.29 제21대 국회운영위원회
2020.06.15 ~ 2022.05.29 제21대 기획재정위원회"
7402,"2023.08.31 ~ 2023.10.06 제21대 대법원장(이균용)임명동의에관한인사청문특별위원회
2022.07.22 ~ 2024.05.29 제21대 농림축산식품해양수산위원회
2021.12.01 ~ 2022.05.29 제21대 정치개혁 특별위원회
2020.06.15 ~ 2022.05.29 제21대 농림축산식품해양수산위원회"
7403,"2023.06.27 ~ 2023.07.18 제21대 대법관(권영준서경환)임명동의에관한인사청문특별위원회
2023.06.27 ~ 2023.07.18 제21대 대법관(권영준·서경환) 임명동의에 관한 인사청문특별위원회
2023.02.09 ~ 2024.05.29 제21대 인구위기특별위원회
2022.07.22 ~ 2024.05.29 제21대 문화체육관광위원회
2021.11.11 ~ 2022.05.29 제21대 언론·미디어 제도개선 특별위원회
2021.07.02 ~ 2022.05.29 제21대 예산결산특별위원회
2020.07.06 ~ 2022.05.29 제21대 문화체육관광위원회
2020.06.29 ~ 2020.07.06 제21대 국토교통위원회
2020.06.29 ~ 2020.07.06 제21대 국회운영위원회"
7404,"2024.02.19 ~ 2024.02.29 제21대 대법관(신숙희·엄상필)임명동의에관한인사청문특별위원회
2023.06.14 ~ 2024.05.29 제21대 예산결산특별위원회
2022.08.17 ~ 2022.11.24 제21대 대법관(오석준) 임명동의에 관한 인사청문특별위원회
2022.08.02 ~ 2023.05.31 제21대 형사사법체계개혁특별위원회
2022.07.22 ~ 2024.05.29 제21대 법제사법위원회
2022.03.28 ~ 2022.05.29 제21대 문화체육관광위원회
2022.03.07 ~ 2022.03.28 제21대 법제사법위원회
2022.03.03 ~ 2022.03.07 제21대 문화체육관광위원회
2022.02.25 ~ 2022.03.03 제21대 법제사법위원회
2021.11.11 ~ 2022.05.29 제21대 언론·미디어 제도개선 특별위원회
2021.11.01 ~ 2022.05.29 제21대 예산결산특별위원회
2021.08.27 ~ 2022.02.25 제21대 문화체육관광위원회
2021.08.24 ~ 2021.08.27 제21대 법제사법위원회
2021.04.29 ~ 2022.04.07 제21대 국회운영위원회
2020.08.24 ~ 2020.09.07 제21대 대법관(이흥구) 임명동의에 관한 인사청문특별위원회
2020.06.15 ~ 2021.08.24 제21대 문화체육관광위원회"
7405,"2023.05.10 ~ 2023.10.23 제21대 국회운영위원회
2023.04.19 ~ 2024.05.29 제21대 법제사법위원회
2022.08.17 ~ 2022.09.08 제21대 국회운영위원회
2022.08.02 ~ 2024.05.29 제21대 정치개혁특별위원회
2022.07.22 ~ 2023.05.29 제21대 예산결산특별위원회
2022.07.22 ~ 2023.04.19 제21대 국방위원회
2022.03.03 ~ 2022.05.29 제21대 법제사법위원회
2022.02.25 ~ 2022.03.03 제21대 문화체육관광위원회
2022.01.12 ~ 2023.12.31 제21대 국회 2030 부산세계박람회 유치지원 특별위원회
2021.12.01 ~ 2022.05.29 제21대 정치개혁 특별위원회
2021.09.02 ~ 2021.09.16 제21대 대법관(오경미) 임명동의에 관한 인사청문특별위원회
2021.05.20 ~ 2022.02.25 제21대 법제사법위원회
2020.06.15 ~ 2021.05.20 제21대 행정안전위원회
2020.06.15 ~ 2020.09.24 제21대 국회운영위원회
2020.06.09 ~ 2020.06.10 제21대 국회상임위원회 위원 정수에 관한 규칙 개정 특별위원회"
995,"2023.02.09 ~ 2024.05.29 제21대 인구위기특별위원회
2022.07.22 ~ 2024.05.29 제21대 기획재정위원회"
7406,"2023.06.14 ~ 2024.05.29 제21대 예산결산특별위원회
2023.04.25 ~ 2023.11.06 제21대 국회운영위원회
2023.02.09 ~ 2024.05.29 제21대 첨단전략산업특별위원회
2022.07.26 ~ 2023.05.29 제21대 예산결산특별위원회
2022.07.22 ~ 2024.05.29 제21대 과학기술정보방송통신위원회
2020.07.06 ~ 2022.05.29 제21대 과학기술정보방송통신위원회
2020.06.29 ~ 2020.07.06 제21대 교육위원회
2020.06.29 ~ 2020.07.06 제21대 예산결산특별위원회"
7407,"2023.06.14 ~ 2024.05.29 제21대 보건복지위원회
2022.07.22 ~ 2023.06.14 제21대 과학기술정보방송통신위원회
2021.12.22 ~ 2022.05.29 제21대 외교통일위원회
2021.11.19 ~ 2021.12.22 제21대 교육위원회
2020.06.15 ~ 2021.11.19 제21대 외교통일위원회"
7408,"2022.07.22 ~ 2024.05.29 제21대 환경노동위원회
2021.05.17 ~ 2022.05.29 제21대 기획재정위원회
2020.06.15 ~ 2021.04.29 제21대 국회운영위원회
2020.06.15 ~ 2021.05.17 제21대 농림축산식품해양수산위원회
2020.06.09 ~ 2020.06.10 제21대 국회상임위원회 위원 정수에 관한 규칙 개정 특별위원회"
7409,"2023.06.14 ~ 2024.05.29 제21대 예산결산특별위원회
2022.07.22 ~ 2024.05.29 제21대 교육위원회
2020.06.15 ~ 2022.05.29 제21대 외교통일위원회"
7410,"2022.07.22 ~ 2024.05.29 제21대 문화체육관광위원회
2020.06.29 ~ 2022.05.29 제21대 문화체육관광위원회"
7411,"2023.10.25 ~ 2023.11.30 제21대 헌법재판소장(이종석)임명동의에관한인사청문특별위원회
2022.07.22 ~ 2024.05.29 제21대 산업통상자원중소벤처기업위원회
2020.09.24 ~ 2021.04.29 제21대 국회운영위원회
2020.08.24 ~ 2020.09.07 제21대 대법관(이흥구) 임명동의에 관한 인사청문특별위원회
2020.06.15 ~ 2022.05.29 제21대 법제사법위원회"
7412,"2022.07.22 ~ 2024.05.29 제21대 행정안전위원회
2022.01.28 ~ 2022.03.14 제21대 예산결산특별위원회
2021.09.02 ~ 2021.09.16 제21대 대법관(오경미) 임명동의에 관한 인사청문특별위원회
2020.06.29 ~ 2022.05.29 제21대 행정안전위원회"
7413,"2023.10.25 ~ 2023.11.30 제21대 헌법재판소장(이종석)임명동의에관한인사청문특별위원회
2023.06.14 ~ 2024.05.29 제21대 예산결산특별위원회
2022.07.22 ~ 2024.05.29 제21대 행정안전위원회
2020.07.06 ~ 2022.05.29 제21대 환경노동위원회
2020.06.15 ~ 2020.07.06 제21대 법제사법위원회"
7414,"2022.07.22 ~ 2024.05.29 제21대 보건복지위원회
2021.09.02 ~ 2021.09.16 제21대 대법관(오경미) 임명동의에 관한 인사청문특별위원회
2020.10.22 ~ 2021.07.28 제21대 국회운영위원회
2020.06.15 ~ 2022.05.29 제21대 보건복지위원회
2020.06.15 ~ 2021.05.29 제21대 예산결산특별위원회"
7415,"2022.07.22 ~ 2024.05.29 제21대 문화체육관광위원회
2021.04.23 ~ 2021.05.13 제21대 국무총리(김부겸) 임명동의에 관한 인사청문특별위원회
2020.06.15 ~ 2022.05.29 제21대 국토교통위원회"
7416,"2022.01.28 ~ 2022.03.14 제21대 예산결산특별위원회
2020.07.06 ~ 2022.04.29 제21대 국토교통위원회
2020.06.29 ~ 2020.07.06 제21대 국회운영위원회
2020.06.29 ~ 2020.07.06 제21대 과학기술정보방송통신위원회"
11,2024.01.10 ~ 2024.05.29 제21대 과학기술정보방송통신위원회
7657,"2024.05.14 ~ 2024.05.29 제21대 환경노동위원회
2022.08.17 ~ 2022.11.24 제21대 대법관(오석준) 임명동의에 관한 인사청문특별위원회
2022.07.22 ~ 2024.03.17 제21대 정보위원회
2022.07.22 ~ 2024.05.14 제21대 법제사법위원회
2022.04.11 ~ 2022.05.20 제21대 국무총리후보자(한덕수)에 관한 인사청문특별위원회
2021.11.11 ~ 2022.05.29 제21대 언론·미디어 제도개선 특별위원회
2021.03.26 ~ 2022.05.29 제21대 문화체육관광위원회"
7417,"2023.06.14 ~ 2024.05.29 제21대 예산결산특별위원회
2022.07.22 ~ 2024.05.29 제21대 국토교통위원회
2022.07.21 ~ 2022.10.31 제21대 민생경제안정특별위원회
2021.11.16 ~ 2022.04.22 제21대 중앙선거관리위원회 위원(문상부) 선출에 관한 인사청문특별위원회
2021.06.08 ~ 2022.05.06 제21대 국회운영위원회
2020.07.06 ~ 2022.05.29 제21대 여성가족위원회
2020.07.06 ~ 2020.11.11 제21대 국회운영위원회
2020.07.06 ~ 2022.05.29 제21대 산업통상자원중소벤처기업위원회
2020.06.29 ~ 2020.07.06 제21대 국토교통위원회"
7418,"2023.02.09 ~ 2024.05.29 제21대 기후위기특별위원회
2022.07.22 ~ 2024.05.29 제21대 산업통상자원중소벤처기업위원회
2022.04.07 ~ 2022.05.29 제21대 국회운영위원회
2022.01.12 ~ 2023.12.31 제21대 국회 2030 부산세계박람회 유치지원 특별위원회
2020.06.15 ~ 2022.05.29 제21대 산업통상자원중소벤처기업위원회"
7419,"2022.07.22 ~ 2024.05.29 제21대 정무위원회
2022.04.29 ~ 2022.05.29 제21대 법제사법위원회
2022.04.18 ~ 2022.04.29 제21대 국방위원회
2021.11.11 ~ 2022.05.29 제21대 언론·미디어 제도개선 특별위원회
2020.06.15 ~ 2022.04.18 제21대 법제사법위원회"
7420,"2022.07.22 ~ 2024.05.29 제21대 기획재정위원회
2020.06.15 ~ 2022.05.29 제21대 기획재정위원회"
7421,"2020.11.30 ~ 2021.03.24 제21대 국토교통위원회
2020.06.15 ~ 2020.11.30 제21대 법제사법위원회
2020.06.15 ~ 2021.01.20 제21대 국회운영위원회"
7422,"2022.04.29 ~ 2022.05.29 제21대 국방위원회
2022.04.18 ~ 2022.04.29 제21대 법제사법위원회
2020.09.10 ~ 2022.06.30 제21대 윤리특별위원회
2020.06.15 ~ 2022.04.18 제21대 국방위원회"
7423,"2023.06.14 ~ 2024.05.29 제21대 교육위원회
2023.06.14 ~ 2023.07.04 제21대 정치개혁특별위원회
2022.12.28 ~ 2023.05.15 제21대 윤리특별위원회
2022.07.22 ~ 2023.06.14 제21대 행정안전위원회
2020.06.15 ~ 2021.05.29 제21대 예산결산특별위원회
2020.06.15 ~ 2022.05.29 제21대 교육위원회"
7424,"2024.01.10 ~ 2024.05.29 제21대 정보위원회
2022.07.22 ~ 2024.05.29 제21대 기획재정위원회
2021.12.01 ~ 2022.05.29 제21대 정치개혁 특별위원회
2021.09.01 ~ 2022.05.29 제21대 기획재정위원회
2020.06.15 ~ 2021.04.27 제21대 정보위원회
2020.06.15 ~ 2021.09.01 제21대 외교통일위원회
2020.06.15 ~ 2021.07.28 제21대 국회운영위원회"
7425,"2022.07.22 ~ 2024.05.29 제21대 외교통일위원회
2020.06.15 ~ 2022.05.29 제21대 외교통일위원회"
7426,"2021.08.25 ~ 2022.04.29 제21대 농림축산식품해양수산위원회
2020.07.06 ~ 2021.08.25 제21대 기획재정위원회
2020.07.06 ~ 2020.09.10 제21대 국회운영위원회
2020.06.29 ~ 2020.07.06 제21대 농림축산식품해양수산위원회"
1685,"2022.08.17 ~ 2022.11.24 제21대 대법관(오석준) 임명동의에 관한 인사청문특별위원회
2022.07.22 ~ 2024.05.29 제21대 국토교통위원회
2022.03.16 ~ 2022.05.29 제21대 국토교통위원회"
8743,"2023.10.23 ~ 2024.05.29 제21대 국회운영위원회
2023.03.30 ~ 2024.05.29 제21대 인구위기특별위원회
2022.07.22 ~ 2023.05.29 제21대 예산결산특별위원회
2022.07.22 ~ 2024.05.29 제21대 여성가족위원회
2022.07.22 ~ 2024.05.29 제21대 정무위원회"
7427,"2023.02.09 ~ 2024.05.29 제21대 첨단전략산업특별위원회
2022.07.22 ~ 2024.05.29 제21대 산업통상자원중소벤처기업위원회
2022.03.03 ~ 2022.05.29 제21대 예산결산특별위원회
2021.09.01 ~ 2022.02.18 제21대 예산결산특별위원회
2020.06.15 ~ 2022.05.29 제21대 정무위원회
2020.06.15 ~ 2021.05.29 제21대 예산결산특별위원회"
7428,"2024.04.30 ~ 2024.05.29 제21대 법제사법위원회
2024.02.19 ~ 2024.02.29 제21대 대법관(신숙희·엄상필)임명동의에관한인사청문특별위원회
2023.11.20 ~ 2023.12.08 제21대 대법원장(조희대)임명동의에관한인사청문특별위원회
2023.08.31 ~ 2023.10.06 제21대 대법원장(이균용)임명동의에관한인사청문특별위원회
2023.06.27 ~ 2023.07.18 제21대 대법관(권영준서경환)임명동의에관한인사청문특별위원회
2023.06.27 ~ 2023.07.18 제21대 대법관(권영준·서경환) 임명동의에 관한 인사청문특별위원회
2022.11.24 ~ 2023.01.17 제21대 용산이태원참사진상규명과재발방지를위한국정조사특별위원회
2022.07.22 ~ 2024.04.30 제21대 환경노동위원회
2022.07.12 ~ 2022.08.02 제21대 중앙선거관리위원회위원(남래진)선출에관한인사청문특별위원회
2022.05.09 ~ 2022.05.29 제21대 법제사법위원회
2022.04.28 ~ 2022.05.09 제21대 행정안전위원회
2022.04.18 ~ 2022.04.28 제21대 법제사법위원회
2022.03.24 ~ 2022.05.06 제21대 국회운영위원회
2021.11.15 ~ 2022.04.22 제21대 중앙선거관리위원회 위원(문상부) 선출에 관한 인사청문특별위원회
2021.09.02 ~ 2021.09.16 제21대 대법관(오경미) 임명동의에 관한 인사청문특별위원회
2020.07.06 ~ 2022.04.18 제21대 행정안전위원회
2020.06.29 ~ 2021.05.29 제21대 예산결산특별위원회
2020.06.29 ~ 2020.07.06 제21대 농림축산식품해양수산위원회"
7429,"2022.07.22 ~ 2024.05.29 제21대 외교통일위원회
2020.06.15 ~ 2022.05.29 제21대 외교통일위원회
2020.06.15 ~ 2020.09.24 제21대 정보위원회"
7430,"2023.08.31 ~ 2023.10.06 제21대 대법원장(이균용)임명동의에관한인사청문특별위원회
2023.06.27 ~ 2023.07.18 제21대 대법관(권영준·서경환) 임명동의에 관한 인사청문특별위원회
2023.06.27 ~ 2023.07.18 제21대 대법관(권영준서경환)임명동의에관한인사청문특별위원회
2023.06.14 ~ 2024.05.29 제21대 예산결산특별위원회
2022.12.28 ~ 2024.05.29 제21대 윤리특별위원회
2022.07.22 ~ 2024.05.29 제21대 산업통상자원중소벤처기업위원회
2022.04.11 ~ 2022.05.20 제21대 국무총리후보자(한덕수)에 관한 인사청문특별위원회
2021.11.11 ~ 2022.05.29 제21대 언론·미디어 제도개선 특별위원회
2020.08.24 ~ 2020.09.07 제21대 대법관(이흥구) 임명동의에 관한 인사청문특별위원회
2020.06.15 ~ 2020.09.24 제21대 국회운영위원회
2020.06.15 ~ 2022.05.29 제21대 국토교통위원회
2020.06.09 ~ 2020.06.10 제21대 국회상임위원회 위원 정수에 관한 규칙 개정 특별위원회"
7431,"2023.10.31 ~ 2024.05.29 제21대 예산결산특별위원회
2022.08.23 ~ 2022.09.07 제21대 국회운영위원회
2022.07.22 ~ 2022.07.26 제21대 예산결산특별위원회
2022.07.22 ~ 2024.05.29 제21대 정무위원회
2022.05.06 ~ 2022.06.30 제21대 윤리특별위원회
2020.06.29 ~ 2022.05.29 제21대 정무위원회"
7432,"2022.07.22 ~ 2024.05.29 제21대 국토교통위원회
2020.07.06 ~ 2022.05.29 제21대 국토교통위원회
2020.06.15 ~ 2020.07.06 제21대 보건복지위원회"
7433,"2022.08.02 ~ 2024.05.29 제21대 정치개혁특별위원회
2022.07.22 ~ 2024.05.29 제21대 보건복지위원회
2022.04.11 ~ 2022.05.20 제21대 국무총리후보자(한덕수)에 관한 인사청문특별위원회
2020.06.15 ~ 2022.05.29 제21대 보건복지위원회"
8745,"2023.06.13 ~ 2023.09.15 제21대 여성가족위원회
2022.12.28 ~ 2024.05.29 제21대 윤리특별위원회
2022.07.22 ~ 2024.05.29 제21대 산업통상자원중소벤처기업위원회
2022.05.24 ~ 2022.05.29 제21대 기획재정위원회"
7434,"2022.07.22 ~ 2024.05.29 제21대 환경노동위원회
2021.04.19 ~ 2021.04.29 제21대 대법관(천대엽) 임명동의에 관한 인사청문특별위원회
2020.06.15 ~ 2022.05.29 제21대 정보위원회
2020.06.15 ~ 2022.05.29 제21대 환경노동위원회"
7435,"2023.06.14 ~ 2024.05.29 제21대 예산결산특별위원회
2022.07.22 ~ 2024.05.29 제21대 교육위원회
2021.09.01 ~ 2022.05.29 제21대 교육위원회
2020.06.15 ~ 2021.09.01 제21대 문화체육관광위원회"
7436,"2022.07.22 ~ 2024.05.29 제21대 기획재정위원회
2022.07.21 ~ 2022.10.31 제21대 민생경제안정특별위원회
2021.10.25 ~ 2022.05.29 제21대 예산결산특별위원회
2020.06.29 ~ 2020.07.06 제21대 예산결산특별위원회
2020.06.15 ~ 2022.05.29 제21대 기획재정위원회"
7437,"2023.02.09 ~ 2024.01.25 제21대 인구위기특별위원회
2022.07.22 ~ 2024.01.25 제21대 문화체육관광위원회
2021.10.07 ~ 2021.11.11 제21대 감사원장(최재해) 임명동의에 관한 인사청문특별위원회
2020.09.10 ~ 2022.06.30 제21대 윤리특별위원회
2020.06.15 ~ 2022.05.29 제21대 산업통상자원중소벤처기업위원회"
7438,"2022.08.02 ~ 2024.05.29 제21대 정치개혁특별위원회
2022.07.22 ~ 2024.05.29 제21대 국토교통위원회
2021.07.02 ~ 2022.05.29 제21대 예산결산특별위원회
2020.06.15 ~ 2022.05.29 제21대 농림축산식품해양수산위원회
2020.06.15 ~ 2020.06.29 제21대 예산결산특별위원회"
7439,"2023.06.22 ~ 2024.05.29 제21대 여성가족위원회
2022.08.02 ~ 2023.10.25 제21대 정치개혁특별위원회
2022.07.22 ~ 2024.05.29 제21대 교육위원회
2021.07.02 ~ 2022.05.29 제21대 예산결산특별위원회
2021.04.19 ~ 2021.04.29 제21대 대법관(천대엽) 임명동의에 관한 인사청문특별위원회
2020.09.24 ~ 2021.04.29 제21대 국회운영위원회
2020.06.15 ~ 2022.05.29 제21대 국토교통위원회"
7440,"2023.10.23 ~ 2024.05.29 제21대 국회운영위원회
2023.07.04 ~ 2024.05.29 제21대 정치개혁특별위원회
2022.07.22 ~ 2023.01.17 제21대 예산결산특별위원회
2022.07.22 ~ 2024.05.29 제21대 행정안전위원회
2020.06.15 ~ 2022.05.29 제21대 국토교통위원회
2020.06.15 ~ 2021.04.29 제21대 국회운영위원회
2020.06.09 ~ 2020.06.10 제21대 국회상임위원회 위원 정수에 관한 규칙 개정 특별위원회"
7441,"2023.07.13 ~ 2023.10.23 제21대 국회운영위원회
2022.07.22 ~ 2023.05.29 제21대 예산결산특별위원회
2022.07.22 ~ 2024.05.29 제21대 정무위원회
2021.05.27 ~ 2022.05.29 제21대 정무위원회
2021.05.25 ~ 2021.05.27 제21대 산업통상자원중소벤처기업위원회
2021.04.29 ~ 2021.06.03 제21대 국회운영위원회
2021.04.23 ~ 2021.05.13 제21대 국무총리(김부겸) 임명동의에 관한 인사청문특별위원회
2020.06.15 ~ 2021.05.25 제21대 정무위원회"
7442,"2023.06.27 ~ 2023.07.18 제21대 대법관(권영준서경환)임명동의에관한인사청문특별위원회
2023.06.27 ~ 2023.07.18 제21대 대법관(권영준·서경환) 임명동의에 관한 인사청문특별위원회
2023.06.14 ~ 2024.05.29 제21대 과학기술정보방송통신위원회
2023.06.14 ~ 2023.11.02 제21대 예산결산특별위원회
2023.02.09 ~ 2023.06.14 제21대 첨단전략산업특별위원회
2022.07.22 ~ 2023.06.14 제21대 교육위원회
2022.04.18 ~ 2022.05.29 제21대 법제사법위원회
2022.04.07 ~ 2022.05.29 제21대 국회운영위원회
2021.10.20 ~ 2022.04.18 제21대 정무위원회
2021.10.18 ~ 2021.10.20 제21대 행정안전위원회
2020.06.15 ~ 2021.10.18 제21대 정무위원회"
7443,"2024.02.19 ~ 2024.02.29 제21대 대법관(신숙희·엄상필)임명동의에관한인사청문특별위원회
2023.02.09 ~ 2024.05.29 제21대 인구위기특별위원회
2022.07.22 ~ 2024.05.29 제21대 국토교통위원회
2020.06.15 ~ 2022.05.29 제21대 국방위원회"
7444,"2023.06.14 ~ 2024.05.29 제21대 기획재정위원회
2023.06.02 ~ 2023.06.14 제21대 정무위원회
2023.05.02 ~ 2023.09.27 제21대 국회운영위원회
2023.05.02 ~ 2023.09.27 제21대 정보위원회
2022.07.22 ~ 2023.06.02 제21대 교육위원회
2021.08.25 ~ 2022.05.29 제21대 법제사법위원회
2020.09.25 ~ 2021.08.25 제21대 정무위원회
2020.06.15 ~ 2020.09.25 제21대 과학기술정보방송통신위원회"
7445,"2022.07.22 ~ 2022.07.26 제21대 예산결산특별위원회
2022.07.22 ~ 2024.05.29 제21대 환경노동위원회
2020.06.29 ~ 2022.05.29 제21대 환경노동위원회"
7446,"2022.07.22 ~ 2024.05.29 제21대 기획재정위원회
2021.08.25 ~ 2022.05.29 제21대 환경노동위원회
2020.07.06 ~ 2020.11.11 제21대 국회운영위원회
2020.06.29 ~ 2021.08.25 제21대 과학기술정보방송통신위원회"
7447,"2022.12.28 ~ 2024.05.29 제21대 정보위원회
2022.07.26 ~ 2023.02.02 제21대 예산결산특별위원회
2022.07.22 ~ 2024.05.29 제21대 농림축산식품해양수산위원회
2021.06.15 ~ 2022.05.29 제21대 농림축산식품해양수산위원회
2020.09.10 ~ 2021.06.15 제21대 환경노동위원회
2020.07.06 ~ 2020.09.10 제21대 국토교통위원회
2020.06.29 ~ 2020.07.06 제21대 예산결산특별위원회
2020.06.15 ~ 2020.07.06 제21대 기획재정위원회"
7448,"2022.08.02 ~ 2023.05.31 제21대 형사사법체계개혁특별위원회
2022.07.22 ~ 2024.05.29 제21대 법제사법위원회
2021.08.19 ~ 2022.05.29 제21대 환경노동위원회
2021.08.17 ~ 2021.08.19 제21대 산업통상자원중소벤처기업위원회
2021.02.15 ~ 2021.08.17 제21대 환경노동위원회
2021.01.06 ~ 2021.02.15 제21대 국방위원회
2020.06.15 ~ 2021.01.06 제21대 법제사법위원회"
7449,2022.07.22 ~ 2024.05.29 제21대 외교통일위원회
7450,"2023.10.23 ~ 2024.05.29 제21대 국회운영위원회
2023.06.14 ~ 2024.05.29 제21대 예산결산특별위원회
2022.07.22 ~ 2024.05.29 제21대 국토교통위원회
2021.09.02 ~ 2021.09.16 제21대 대법관(오경미) 임명동의에 관한 인사청문특별위원회
2020.09.24 ~ 2021.04.29 제21대 국회운영위원회
2020.06.15 ~ 2022.05.29 제21대 국토교통위원회"
7451,"2022.11.24 ~ 2023.01.17 제21대 용산이태원참사진상규명과재발방지를위한국정조사특별위원회
2022.07.22 ~ 2024.05.29 제21대 행정안전위원회
2021.12.01 ~ 2022.05.29 제21대 정치개혁 특별위원회
2020.08.14 ~ 2021.05.29 제21대 예산결산특별위원회
2020.07.06 ~ 2022.05.29 제21대 국토교통위원회
2020.06.29 ~ 2020.07.06 제21대 행정안전위원회
2020.06.29 ~ 2020.07.06 제21대 예산결산특별위원회"
7452,"2022.07.22 ~ 2024.05.29 제21대 정무위원회
2022.04.07 ~ 2022.05.29 제21대 기획재정위원회
2022.02.18 ~ 2022.03.03 제21대 예산결산특별위원회
2021.10.07 ~ 2021.11.11 제21대 감사원장(최재해) 임명동의에 관한 인사청문특별위원회
2021.01.06 ~ 2022.04.07 제21대 법제사법위원회
2020.06.15 ~ 2021.04.29 제21대 국회운영위원회
2020.06.15 ~ 2021.01.06 제21대 국방위원회"
7453,"2022.07.22 ~ 2024.05.29 제21대 과학기술정보방송통신위원회
2021.11.11 ~ 2022.05.29 제21대 언론·미디어 제도개선 특별위원회
2020.06.29 ~ 2022.05.29 제21대 과학기술정보방송통신위원회"
7454,"2022.07.22 ~ 2024.05.29 제21대 산업통상자원중소벤처기업위원회
2022.03.28 ~ 2022.05.29 제21대 정무위원회
2022.03.21 ~ 2022.03.28 제21대 국방위원회
2022.01.28 ~ 2022.03.14 제21대 예산결산특별위원회
2021.10.20 ~ 2022.03.21 제21대 정무위원회
2021.10.18 ~ 2021.10.20 제21대 행정안전위원회
2020.11.16 ~ 2021.10.18 제21대 정무위원회
2020.07.06 ~ 2020.11.16 제21대 행정안전위원회
2020.07.06 ~ 2021.05.29 제21대 예산결산특별위원회
2020.06.15 ~ 2020.07.06 제21대 산업통상자원중소벤처기업위원회"
7455,"2022.07.22 ~ 2023.05.29 제21대 예산결산특별위원회
2022.07.22 ~ 2023.05.10 제21대 국회운영위원회
2022.07.22 ~ 2024.05.29 제21대 산업통상자원중소벤처기업위원회
2022.04.07 ~ 2022.05.29 제21대 국회운영위원회
2020.06.15 ~ 2022.05.29 제21대 국토교통위원회"
7456,"2021.11.15 ~ 2022.04.22 제21대 중앙선거관리위원회 위원(문상부) 선출에 관한 인사청문특별위원회
2020.09.11 ~ 2021.01.08 제21대 중앙선거관리위원회 위원(조병현·조성대) 선출에 관한 인사청문특별위원회
2020.06.29 ~ 2022.04.29 제21대 행정안전위원회"
7457,"2022.07.22 ~ 2024.05.29 제21대 과학기술정보방송통신위원회
2020.09.11 ~ 2021.01.08 제21대 중앙선거관리위원회 위원(조병현·조성대) 선출에 관한 인사청문특별위원회
2020.06.15 ~ 2022.05.29 제21대 행정안전위원회"
7458,"2023.08.31 ~ 2023.10.06 제21대 대법원장(이균용)임명동의에관한인사청문특별위원회
2023.06.14 ~ 2024.05.29 제21대 법제사법위원회
2022.07.22 ~ 2023.06.14 제21대 정무위원회
2020.06.15 ~ 2022.05.29 제21대 정무위원회
2020.06.15 ~ 2021.05.29 제21대 예산결산특별위원회"
7459,"2023.06.14 ~ 2024.05.29 제21대 예산결산특별위원회
2022.07.22 ~ 2024.05.29 제21대 정무위원회
2022.01.12 ~ 2023.12.31 제21대 국회 2030 부산세계박람회 유치지원 특별위원회
2021.11.15 ~ 2022.04.22 제21대 중앙선거관리위원회 위원(문상부) 선출에 관한 인사청문특별위원회
2021.04.23 ~ 2021.05.13 제21대 국무총리(김부겸) 임명동의에 관한 인사청문특별위원회
2020.11.04 ~ 2021.03.16 제21대 예산결산특별위원회
2020.09.10 ~ 2020.09.14 제21대 윤리특별위원회
2020.06.15 ~ 2022.05.29 제21대 행정안전위원회"
7460,"2023.06.14 ~ 2024.05.29 제21대 환경노동위원회
2022.07.22 ~ 2023.05.29 제21대 예산결산특별위원회
2022.07.22 ~ 2023.06.14 제21대 외교통일위원회
2020.06.15 ~ 2022.05.29 제21대 문화체육관광위원회"
8740,"2023.06.14 ~ 2024.05.29 제21대 예산결산특별위원회
2023.05.15 ~ 2024.05.29 제21대 정치개혁특별위원회
2022.07.26 ~ 2022.08.17 제21대 예산결산특별위원회
2022.07.22 ~ 2024.05.29 제21대 국토교통위원회"
7461,"2024.02.19 ~ 2024.02.29 제21대 대법관(신숙희·엄상필)임명동의에관한인사청문특별위원회
2023.10.23 ~ 2024.05.29 제21대 국회운영위원회
2023.10.23 ~ 2024.05.29 제21대 윤리특별위원회
2023.06.27 ~ 2023.07.18 제21대 대법관(권영준서경환)임명동의에관한인사청문특별위원회
2023.06.27 ~ 2023.07.18 제21대 대법관(권영준·서경환) 임명동의에 관한 인사청문특별위원회
2023.02.09 ~ 2024.05.29 제21대 기후위기특별위원회
2022.08.02 ~ 2023.05.31 제21대 형사사법체계개혁특별위원회
2022.07.22 ~ 2024.05.29 제21대 법제사법위원회
2021.10.07 ~ 2021.11.11 제21대 감사원장(최재해) 임명동의에 관한 인사청문특별위원회
2020.06.15 ~ 2022.05.29 제21대 법제사법위원회"
7462,"2023.01.05 ~ 2024.05.29 제21대 기획재정위원회
2022.11.23 ~ 2023.01.05 제21대 국토교통위원회
2022.08.04 ~ 2022.11.23 제21대 기획재정위원회
2022.07.22 ~ 2022.08.04 제21대 과학기술정보방송통신위원회
2022.04.28 ~ 2022.05.29 제21대 기획재정위원회
2022.03.14 ~ 2022.05.12 제21대 예산결산특별위원회
2021.07.02 ~ 2022.01.28 제21대 예산결산특별위원회
2020.06.15 ~ 2022.04.28 제21대 외교통일위원회"
7463,"2023.08.23 ~ 2024.05.29 제21대 과학기술정보방송통신위원회
2023.08.09 ~ 2023.08.23 제21대 교육위원회
2022.07.22 ~ 2023.08.09 제21대 과학기술정보방송통신위원회
2022.07.22 ~ 2022.11.03 제21대 예산결산특별위원회
2022.04.07 ~ 2022.05.29 제21대 국회운영위원회
2021.10.20 ~ 2022.05.29 제21대 교육위원회
2021.10.18 ~ 2021.10.20 제21대 행정안전위원회
2021.04.23 ~ 2021.05.13 제21대 국무총리(김부겸) 임명동의에 관한 인사청문특별위원회
2020.06.15 ~ 2021.10.18 제21대 교육위원회"
7464,"2023.10.25 ~ 2023.11.30 제21대 헌법재판소장(이종석)임명동의에관한인사청문특별위원회
2022.11.24 ~ 2023.01.17 제21대 용산이태원참사진상규명과재발방지를위한국정조사특별위원회
2022.08.17 ~ 2022.11.24 제21대 대법관(오석준) 임명동의에 관한 인사청문특별위원회
2022.08.02 ~ 2023.05.31 제21대 형사사법체계개혁특별위원회
2022.07.22 ~ 2022.07.26 제21대 예산결산특별위원회
2022.07.22 ~ 2024.05.29 제21대 법제사법위원회
2022.07.22 ~ 2022.09.29 제21대 국회운영위원회
2022.05.06 ~ 2022.05.29 제21대 국회운영위원회
2022.04.12 ~ 2022.05.29 제21대 법제사법위원회
2021.01.06 ~ 2022.04.12 제21대 기획재정위원회
2020.12.21 ~ 2021.01.06 제21대 행정안전위원회
2020.07.06 ~ 2021.05.29 제21대 예산결산특별위원회
2020.07.06 ~ 2020.12.21 제21대 기획재정위원회
2020.06.15 ~ 2020.07.06 제21대 법제사법위원회"
7465,"2022.08.17 ~ 2024.05.29 제21대 외교통일위원회
2022.08.01 ~ 2022.08.17 제21대 과학기술정보방송통신위원회
2022.07.22 ~ 2022.08.01 제21대 외교통일위원회
2022.07.22 ~ 2023.05.02 제21대 정보위원회
2022.07.22 ~ 2023.05.02 제21대 국회운영위원회
2022.05.03 ~ 2022.05.29 제21대 외교통일위원회
2022.04.04 ~ 2022.05.29 제21대 국회운영위원회
2022.03.30 ~ 2022.05.29 제21대 정보위원회
2021.07.02 ~ 2021.09.01 제21대 예산결산특별위원회
2020.06.15 ~ 2021.05.29 제21대 예산결산특별위원회
2020.06.15 ~ 2022.05.03 제21대 기획재정위원회"
7466,"2023.07.11 ~ 2024.05.29 제21대 정치개혁특별위원회
2022.08.02 ~ 2024.05.29 제21대 연금개혁특별위원회
2022.07.22 ~ 2024.05.29 제21대 기획재정위원회
2021.08.25 ~ 2022.05.29 제21대 기획재정위원회
2021.07.02 ~ 2022.05.29 제21대 예산결산특별위원회
2020.07.06 ~ 2021.08.25 제21대 교육위원회
2020.06.29 ~ 2021.05.29 제21대 예산결산특별위원회
2020.06.29 ~ 2020.07.06 제21대 국토교통위원회"
7467,"2023.05.19 ~ 2024.05.29 제21대 국회운영위원회
2022.07.22 ~ 2023.05.29 제21대 예산결산특별위원회
2022.07.22 ~ 2024.05.29 제21대 국방위원회
2022.04.11 ~ 2022.05.20 제21대 국무총리후보자(한덕수)에 관한 인사청문특별위원회
2022.04.08 ~ 2022.05.29 제21대 언론·미디어 제도개선 특별위원회
2021.05.04 ~ 2022.05.11 제21대 국회운영위원회
2020.08.24 ~ 2020.09.07 제21대 대법관(이흥구) 임명동의에 관한 인사청문특별위원회
2020.06.15 ~ 2022.05.29 제21대 정무위원회
2020.06.15 ~ 2020.09.11 제21대 국회운영위원회"
7468,"2022.08.02 ~ 2024.05.29 제21대 연금개혁특별위원회
2022.07.26 ~ 2023.05.29 제21대 예산결산특별위원회
2022.07.22 ~ 2024.05.29 제21대 문화체육관광위원회
2020.11.11 ~ 2021.06.08 제21대 국회운영위원회
2020.09.10 ~ 2021.05.10 제21대 윤리특별위원회
2020.06.29 ~ 2020.07.06 제21대 국회운영위원회
2020.06.29 ~ 2022.05.29 제21대 문화체육관광위원회"
7469,"2023.08.30 ~ 2024.05.29 제21대 국회운영위원회
2023.06.14 ~ 2023.10.31 제21대 예산결산특별위원회
2023.04.25 ~ 2024.05.29 제21대 윤리특별위원회
2022.07.22 ~ 2024.05.29 제21대 보건복지위원회
2020.06.15 ~ 2022.05.29 제21대 보건복지위원회"
7470,"2022.07.22 ~ 2024.05.29 제21대 정무위원회
2021.11.15 ~ 2021.12.02 제21대 중앙선거관리위원회 위원(문상부) 선출에 관한 인사청문특별위원회
2021.05.20 ~ 2022.05.29 제21대 행정안전위원회
2020.08.24 ~ 2020.09.07 제21대 대법관(이흥구) 임명동의에 관한 인사청문특별위원회
2020.06.15 ~ 2021.05.29 제21대 예산결산특별위원회
2020.06.15 ~ 2021.05.20 제21대 법제사법위원회"
7471,"2022.12.28 ~ 2024.05.29 제21대 윤리특별위원회
2022.07.22 ~ 2024.05.29 제21대 과학기술정보방송통신위원회
2022.07.22 ~ 2022.11.03 제21대 예산결산특별위원회
2020.06.15 ~ 2022.05.29 제21대 과학기술정보방송통신위원회"
7472,"2023.08.31 ~ 2023.10.06 제21대 대법원장(이균용)임명동의에관한인사청문특별위원회
2023.08.23 ~ 2024.05.29 제21대 교육위원회
2023.08.09 ~ 2023.08.23 제21대 과학기술정보방송통신위원회
2023.05.10 ~ 2023.10.23 제21대 국회운영위원회
2023.02.09 ~ 2024.05.29 제21대 첨단전략산업특별위원회
2022.07.22 ~ 2023.08.09 제21대 교육위원회
2020.06.15 ~ 2022.05.29 제21대 교육위원회
2020.06.15 ~ 2021.05.29 제21대 예산결산특별위원회"
7473,"2023.10.25 ~ 2023.11.30 제21대 헌법재판소장(이종석)임명동의에관한인사청문특별위원회
2023.04.25 ~ 2024.05.29 제21대 국회운영위원회
2022.08.02 ~ 2023.05.31 제21대 형사사법체계개혁특별위원회
2022.07.26 ~ 2023.05.29 제21대 예산결산특별위원회
2022.07.22 ~ 2024.05.29 제21대 국토교통위원회
2022.07.12 ~ 2022.08.02 제21대 중앙선거관리위원회위원(남래진)선출에관한인사청문특별위원회
2020.09.11 ~ 2021.01.08 제21대 중앙선거관리위원회 위원(조병현·조성대) 선출에 관한 인사청문특별위원회
2020.07.06 ~ 2022.05.29 제21대 행정안전위원회
2020.06.29 ~ 2020.07.06 제21대 국토교통위원회"
7474,"2022.07.22 ~ 2024.05.29 제21대 교육위원회
2022.01.12 ~ 2023.12.31 제21대 국회 2030 부산세계박람회 유치지원 특별위원회
2021.04.23 ~ 2021.05.13 제21대 국무총리(김부겸) 임명동의에 관한 인사청문특별위원회
2020.06.29 ~ 2020.07.06 제21대 예산결산특별위원회
2020.06.15 ~ 2022.05.29 제21대 기획재정위원회"
7475,"2023.06.14 ~ 2024.05.29 제21대 예산결산특별위원회
2023.02.09 ~ 2023.09.15 제21대 기후위기특별위원회
2022.07.22 ~ 2024.05.29 제21대 농림축산식품해양수산위원회
2020.06.15 ~ 2022.05.29 제21대 농림축산식품해양수산위원회"
7476,"2023.11.20 ~ 2023.12.08 제21대 대법원장(조희대)임명동의에관한인사청문특별위원회
2022.07.22 ~ 2024.05.29 제21대 기획재정위원회
2021.11.15 ~ 2022.04.22 제21대 중앙선거관리위원회 위원(문상부) 선출에 관한 인사청문특별위원회
2021.04.23 ~ 2021.05.13 제21대 국무총리(김부겸) 임명동의에 관한 인사청문특별위원회
2020.06.15 ~ 2022.05.29 제21대 행정안전위원회"
7477,"2022.07.22 ~ 2024.05.29 제21대 보건복지위원회
2020.06.15 ~ 2021.05.29 제21대 예산결산특별위원회
2020.06.15 ~ 2022.05.29 제21대 보건복지위원회"
7478,"2023.06.14 ~ 2024.05.29 제21대 예산결산특별위원회
2022.07.22 ~ 2023.04.25 제21대 국회운영위원회
2022.07.22 ~ 2024.05.29 제21대 국토교통위원회
2022.07.22 ~ 2022.07.26 제21대 예산결산특별위원회
2022.05.06 ~ 2022.05.29 제21대 국회운영위원회
2021.10.07 ~ 2021.11.11 제21대 감사원장(최재해) 임명동의에 관한 인사청문특별위원회
2020.07.06 ~ 2021.05.29 제21대 예산결산특별위원회
2020.07.06 ~ 2022.05.29 제21대 기획재정위원회
2020.06.29 ~ 2020.07.06 제21대 국토교통위원회"
7479,"2023.04.25 ~ 2024.05.29 제21대 국회운영위원회
2023.02.09 ~ 2024.05.29 제21대 인구위기특별위원회
2022.07.26 ~ 2023.05.29 제21대 예산결산특별위원회
2022.07.22 ~ 2024.05.29 제21대 보건복지위원회
2020.07.06 ~ 2022.05.29 제21대 여성가족위원회
2020.06.15 ~ 2022.05.29 제21대 보건복지위원회"
7480,"2022.07.22 ~ 2024.05.29 제21대 국방위원회
2020.06.15 ~ 2022.05.29 제21대 국방위원회"
7481,"2022.07.22 ~ 2024.05.29 제21대 국방위원회
2022.04.11 ~ 2022.05.20 제21대 국무총리후보자(한덕수)에 관한 인사청문특별위원회
2021.06.08 ~ 2022.05.06 제21대 국회운영위원회
2021.05.04 ~ 2022.05.29 제21대 국방위원회
2020.07.06 ~ 2021.05.04 제21대 정무위원회
2020.06.29 ~ 2020.07.06 제21대 국토교통위원회
2020.06.29 ~ 2020.07.06 제21대 예산결산특별위원회"
7482,"2023.06.02 ~ 2024.05.29 제21대 법제사법위원회
2022.07.22 ~ 2024.05.29 제21대 정보위원회
2022.07.22 ~ 2023.06.02 제21대 정무위원회
2022.04.18 ~ 2022.05.29 제21대 정무위원회
2021.10.07 ~ 2021.11.11 제21대 감사원장(최재해) 임명동의에 관한 인사청문특별위원회
2021.04.19 ~ 2021.04.29 제21대 대법관(천대엽) 임명동의에 관한 인사청문특별위원회
2020.06.15 ~ 2022.04.18 제21대 법제사법위원회"
7483,"2022.07.22 ~ 2024.05.29 제21대 농림축산식품해양수산위원회
2022.04.29 ~ 2022.05.16 제21대 국회운영위원회
2020.06.15 ~ 2022.05.29 제21대 국토교통위원회"
7484,"2022.07.22 ~ 2024.05.29 제21대 국방위원회
2020.06.15 ~ 2022.05.29 제21대 산업통상자원중소벤처기업위원회"
7485,"2023.10.25 ~ 2023.11.30 제21대 헌법재판소장(이종석)임명동의에관한인사청문특별위원회
2023.10.04 ~ 2024.05.29 제21대 법제사법위원회
2023.08.30 ~ 2023.10.04 제21대 과학기술정보방송통신위원회
2023.08.17 ~ 2023.08.30 제21대 교육위원회
2023.06.14 ~ 2023.08.17 제21대 과학기술정보방송통신위원회
2023.05.15 ~ 2023.10.23 제21대 윤리특별위원회
2023.05.10 ~ 2023.10.23 제21대 국회운영위원회
2022.08.02 ~ 2023.05.31 제21대 형사사법체계개혁특별위원회
2022.07.22 ~ 2023.06.14 제21대 산업통상자원중소벤처기업위원회
2022.07.22 ~ 2023.05.29 제21대 예산결산특별위원회
2021.11.11 ~ 2022.04.07 제21대 언론·미디어 제도개선 특별위원회
2021.09.13 ~ 2022.05.29 제21대 법제사법위원회
2021.09.06 ~ 2021.09.13 제21대 교육위원회
2021.04.19 ~ 2021.04.29 제21대 대법관(천대엽) 임명동의에 관한 인사청문특별위원회
2020.06.15 ~ 2021.09.06 제21대 법제사법위원회"
7486,"2023.06.14 ~ 2024.05.29 제21대 예산결산특별위원회
2022.07.26 ~ 2022.08.17 제21대 예산결산특별위원회
2022.07.22 ~ 2024.05.29 제21대 정무위원회
2020.07.06 ~ 2022.05.29 제21대 국토교통위원회
2020.06.15 ~ 2020.07.06 제21대 보건복지위원회"
7487,"2023.06.14 ~ 2024.05.29 제21대 예산결산특별위원회
2022.12.28 ~ 2023.04.17 제21대 윤리특별위원회
2022.07.22 ~ 2022.07.26 제21대 예산결산특별위원회
2022.07.22 ~ 2024.05.29 제21대 기획재정위원회
2022.07.22 ~ 2023.02.15 제21대 정보위원회
2022.07.22 ~ 2023.04.17 제21대 국회운영위원회
2022.03.24 ~ 2022.05.29 제21대 국회운영위원회
2022.03.24 ~ 2022.06.30 제21대 윤리특별위원회
2020.07.06 ~ 2022.05.29 제21대 국토교통위원회
2020.06.15 ~ 2020.07.06 제21대 기획재정위원회"
7488,2020.06.15 ~ 2022.04.29 제21대 외교통일위원회
7489,"2022.12.28 ~ 2024.05.29 제21대 윤리특별위원회
2022.08.02 ~ 2024.05.29 제21대 연금개혁특별위원회
2022.07.22 ~ 2024.05.29 제21대 국방위원회
2021.08.25 ~ 2022.05.29 제21대 여성가족위원회
2020.06.29 ~ 2022.05.29 제21대 환경노동위원회
2020.06.15 ~ 2020.06.29 제21대 보건복지위원회
2020.06.15 ~ 2020.06.30 제21대 예산결산특별위원회"
7490,"2023.02.09 ~ 2023.03.30 제21대 인구위기특별위원회
2022.07.22 ~ 2024.05.29 제21대 행정안전위원회
2022.07.12 ~ 2022.08.02 제21대 중앙선거관리위원회위원(남래진)선출에관한인사청문특별위원회
2021.07.02 ~ 2022.05.29 제21대 예산결산특별위원회
2020.06.15 ~ 2022.05.29 제21대 정무위원회"
7491,"2023.06.14 ~ 2024.05.29 제21대 예산결산특별위원회
2023.06.14 ~ 2024.05.29 제21대 보건복지위원회
2022.07.22 ~ 2023.06.14 제21대 기획재정위원회
2022.04.11 ~ 2022.05.20 제21대 국무총리후보자(한덕수)에 관한 인사청문특별위원회
2021.05.26 ~ 2022.05.29 제21대 국토교통위원회
2021.05.17 ~ 2021.05.26 제21대 산업통상자원중소벤처기업위원회
2021.04.19 ~ 2021.04.29 제21대 대법관(천대엽) 임명동의에 관한 인사청문특별위원회
2020.06.15 ~ 2020.12.08 제21대 여성가족위원회
2020.06.15 ~ 2021.05.17 제21대 법제사법위원회"
7492,"2023.10.23 ~ 2024.05.29 제21대 국회운영위원회
2023.02.09 ~ 2024.05.29 제21대 첨단전략산업특별위원회
2022.07.22 ~ 2024.05.29 제21대 산업통상자원중소벤처기업위원회
2021.12.06 ~ 2022.04.08 제21대 언론·미디어 제도개선 특별위원회
2021.07.02 ~ 2022.05.29 제21대 예산결산특별위원회
2020.06.15 ~ 2020.09.21 제21대 국회운영위원회
2020.06.15 ~ 2022.05.29 제21대 산업통상자원중소벤처기업위원회"
7493,"2022.07.22 ~ 2023.10.31 제21대 국방위원회
2021.09.07 ~ 2022.05.29 제21대 정보위원회
2020.07.06 ~ 2021.09.07 제21대 국회운영위원회
2020.06.15 ~ 2022.05.29 제21대 국방위원회"
7494,"2022.08.02 ~ 2024.05.29 제21대 정치개혁특별위원회
2022.07.22 ~ 2024.05.29 제21대 농림축산식품해양수산위원회
2022.04.07 ~ 2022.05.29 제21대 국회운영위원회
2021.07.02 ~ 2022.05.29 제21대 예산결산특별위원회
2020.06.15 ~ 2022.05.29 제21대 산업통상자원중소벤처기업위원회"
7495,"2024.02.19 ~ 2024.02.29 제21대 대법관(신숙희·엄상필)임명동의에관한인사청문특별위원회
2023.06.16 ~ 2024.05.29 제21대 여성가족위원회
2022.11.23 ~ 2023.01.17 제21대 용산이태원참사진상규명을위한국정조사특별위원회
2022.11.23 ~ 2022.12.20 제21대 용산이태원참사진상규명과재발방지를위한국정조사특별위원회
2022.11.03 ~ 2023.05.29 제21대 예산결산특별위원회
2022.07.22 ~ 2024.05.29 제21대 보건복지위원회
2021.07.02 ~ 2022.05.29 제21대 예산결산특별위원회
2021.04.26 ~ 2021.04.27 제21대 국회운영위원회
2021.03.16 ~ 2021.05.29 제21대 예산결산특별위원회
2020.09.25 ~ 2022.05.29 제21대 보건복지위원회
2020.09.24 ~ 2020.09.25 제21대 행정안전위원회
2020.06.15 ~ 2020.09.24 제21대 보건복지위원회
2020.06.15 ~ 2020.09.24 제21대 국회운영위원회"
7496,"2023.08.31 ~ 2023.10.06 제21대 대법원장(이균용)임명동의에관한인사청문특별위원회
2022.08.02 ~ 2024.05.29 제21대 정치개혁특별위원회
2022.07.22 ~ 2024.05.29 제21대 국토교통위원회
2020.06.15 ~ 2022.05.29 제21대 국토교통위원회"
7497,"2022.07.22 ~ 2024.05.29 제21대 국방위원회
2020.06.15 ~ 2022.05.29 제21대 국방위원회"
7498,"2022.07.22 ~ 2024.05.29 제21대 교육위원회
2021.09.01 ~ 2022.05.29 제21대 교육위원회
2020.06.15 ~ 2021.09.01 제21대 외교통일위원회"
7499,"2023.11.17 ~ 2024.05.29 제21대 정치개혁특별위원회
2023.06.14 ~ 2024.05.29 제21대 예산결산특별위원회
2023.02.09 ~ 2024.05.29 제21대 기후위기특별위원회
2022.07.22 ~ 2022.07.26 제21대 예산결산특별위원회
2022.07.22 ~ 2024.05.29 제21대 농림축산식품해양수산위원회
2022.01.12 ~ 2023.12.31 제21대 국회 2030 부산세계박람회 유치지원 특별위원회
2021.11.11 ~ 2022.05.29 제21대 언론·미디어 제도개선 특별위원회
2020.06.29 ~ 2022.05.29 제21대 농림축산식품해양수산위원회"
3394,"2023.02.09 ~ 2024.05.29 제21대 첨단전략산업특별위원회
2022.07.22 ~ 2024.05.29 제21대 외교통일위원회"
7500,"2023.02.09 ~ 2024.05.29 제21대 기후위기특별위원회
2022.08.17 ~ 2022.11.24 제21대 대법관(오석준) 임명동의에 관한 인사청문특별위원회
2022.07.22 ~ 2024.05.29 제21대 농림축산식품해양수산위원회
2020.06.15 ~ 2022.05.29 제21대 환경노동위원회"
12,2024.01.31 ~ 2024.05.29 제21대 환경노동위원회
7501,"2023.07.04 ~ 2024.05.29 제21대 여성가족위원회
2023.07.04 ~ 2024.05.29 제21대 예산결산특별위원회
2022.07.22 ~ 2024.05.29 제21대 기획재정위원회
2022.07.22 ~ 2023.05.10 제21대 국회운영위원회
2022.04.07 ~ 2022.05.29 제21대 국회운영위원회
2021.07.02 ~ 2022.05.29 제21대 예산결산특별위원회
2020.09.11 ~ 2021.01.08 제21대 중앙선거관리위원회 위원(조병현·조성대) 선출에 관한 인사청문특별위원회
2020.06.15 ~ 2022.05.29 제21대 기획재정위원회
2020.06.15 ~ 2021.08.17 제21대 여성가족위원회"
7502,"2023.06.14 ~ 2024.05.29 제21대 예산결산특별위원회
2023.02.09 ~ 2024.05.29 제21대 첨단전략산업특별위원회
2022.07.22 ~ 2022.09.29 제21대 국회운영위원회
2022.07.22 ~ 2024.05.29 제21대 산업통상자원중소벤처기업위원회
2022.07.22 ~ 2022.07.26 제21대 예산결산특별위원회
2022.05.09 ~ 2022.05.29 제21대 산업통상자원중소벤처기업위원회
2022.05.06 ~ 2022.05.29 제21대 국회운영위원회
2022.04.15 ~ 2022.05.09 제21대 기획재정위원회
2022.01.12 ~ 2023.12.31 제21대 국회 2030 부산세계박람회 유치지원 특별위원회
2021.09.15 ~ 2021.09.16 제21대 대법관(오경미) 임명동의에 관한 인사청문특별위원회
2020.07.06 ~ 2022.04.15 제21대 산업통상자원중소벤처기업위원회
2020.06.29 ~ 2020.07.06 제21대 교육위원회
2020.06.29 ~ 2022.05.29 제21대 여성가족위원회"
7503,"2023.02.09 ~ 2024.05.29 제21대 인구위기특별위원회
2022.07.22 ~ 2024.05.29 제21대 기획재정위원회
2021.11.19 ~ 2022.04.22 제21대 중앙선거관리위원회 위원(문상부) 선출에 관한 인사청문특별위원회
2021.07.02 ~ 2022.05.29 제21대 예산결산특별위원회
2020.09.11 ~ 2021.01.08 제21대 중앙선거관리위원회 위원(조병현·조성대) 선출에 관한 인사청문특별위원회
2020.06.15 ~ 2021.05.29 제21대 예산결산특별위원회
2020.06.15 ~ 2022.05.29 제21대 행정안전위원회"
7504,"2023.02.09 ~ 2024.05.29 제21대 기후위기특별위원회
2022.08.17 ~ 2022.11.24 제21대 대법관(오석준) 임명동의에 관한 인사청문특별위원회
2022.07.22 ~ 2024.05.29 제21대 여성가족위원회
2022.07.22 ~ 2024.05.29 제21대 산업통상자원중소벤처기업위원회
2022.01.12 ~ 2023.12.31 제21대 국회 2030 부산세계박람회 유치지원 특별위원회
2021.10.13 ~ 2021.11.11 제21대 감사원장(최재해) 임명동의에 관한 인사청문특별위원회
2021.05.26 ~ 2022.05.29 제21대 여성가족위원회
2021.02.15 ~ 2022.05.29 제21대 산업통상자원중소벤처기업위원회
2020.06.15 ~ 2021.02.15 제21대 환경노동위원회
2020.06.15 ~ 2021.05.29 제21대 예산결산특별위원회"
7505,"2024.02.19 ~ 2024.02.29 제21대 대법관(신숙희·엄상필)임명동의에관한인사청문특별위원회
2023.10.25 ~ 2023.11.30 제21대 헌법재판소장(이종석)임명동의에관한인사청문특별위원회
2022.07.22 ~ 2023.05.29 제21대 예산결산특별위원회
2022.07.22 ~ 2024.05.29 제21대 정무위원회
2021.07.02 ~ 2022.05.29 제21대 예산결산특별위원회
2020.06.15 ~ 2022.05.29 제21대 과학기술정보방송통신위원회"
7506,"2023.06.14 ~ 2024.05.29 제21대 첨단전략산업특별위원회
2023.06.14 ~ 2024.05.29 제21대 예산결산특별위원회
2022.07.22 ~ 2024.05.29 제21대 산업통상자원중소벤처기업위원회
2022.04.07 ~ 2022.05.29 제21대 법제사법위원회
2020.06.15 ~ 2022.04.07 제21대 기획재정위원회
2020.06.15 ~ 2021.05.29 제21대 예산결산특별위원회"
7507,"2022.07.22 ~ 2024.05.29 제21대 농림축산식품해양수산위원회
2021.07.02 ~ 2022.05.29 제21대 예산결산특별위원회
2021.04.29 ~ 2022.04.07 제21대 국회운영위원회
2020.06.15 ~ 2022.05.29 제21대 농림축산식품해양수산위원회"
7508,"2023.06.14 ~ 2024.05.29 제21대 예산결산특별위원회
2023.04.25 ~ 2024.05.29 제21대 윤리특별위원회
2023.01.09 ~ 2024.05.29 제21대 국토교통위원회
2022.07.22 ~ 2023.01.09 제21대 산업통상자원중소벤처기업위원회
2022.03.24 ~ 2022.05.06 제21대 국회운영위원회
2021.10.25 ~ 2022.05.29 제21대 예산결산특별위원회
2020.09.10 ~ 2021.05.29 제21대 예산결산특별위원회
2020.06.29 ~ 2020.07.06 제21대 국회운영위원회
2020.06.15 ~ 2022.05.29 제21대 산업통상자원중소벤처기업위원회"
7509,"2023.11.20 ~ 2023.12.08 제21대 대법원장(조희대)임명동의에관한인사청문특별위원회
2023.05.10 ~ 2023.10.23 제21대 국회운영위원회
2022.07.22 ~ 2024.05.29 제21대 정무위원회
2022.07.21 ~ 2022.10.31 제21대 민생경제안정특별위원회
2021.04.23 ~ 2021.05.13 제21대 국무총리(김부겸) 임명동의에 관한 인사청문특별위원회
2020.06.15 ~ 2022.05.29 제21대 정무위원회
2020.06.15 ~ 2021.05.29 제21대 예산결산특별위원회"
7510,"2022.12.20 ~ 2023.01.17 제21대 용산이태원참사진상규명과재발방지를위한국정조사특별위원회
2022.07.22 ~ 2023.05.10 제21대 국회운영위원회
2022.07.22 ~ 2024.05.29 제21대 행정안전위원회
2021.12.02 ~ 2022.04.22 제21대 중앙선거관리위원회 위원(문상부) 선출에 관한 인사청문특별위원회
2021.07.02 ~ 2022.05.29 제21대 예산결산특별위원회
2020.06.15 ~ 2022.05.29 제21대 행정안전위원회"
7511,"2021.11.15 ~ 2022.04.22 제21대 중앙선거관리위원회 위원(문상부) 선출에 관한 인사청문특별위원회
2020.06.15 ~ 2022.04.29 제21대 행정안전위원회"
7512,"2022.11.23 ~ 2023.01.17 제21대 용산이태원참사진상규명을위한국정조사특별위원회
2022.11.23 ~ 2023.01.17 제21대 용산이태원참사진상규명과재발방지를위한국정조사특별위원회
2022.07.22 ~ 2024.05.29 제21대 여성가족위원회
2022.07.22 ~ 2024.05.29 제21대 행정안전위원회
2022.07.21 ~ 2022.10.31 제21대 민생경제안정특별위원회
2022.07.12 ~ 2022.08.02 제21대 중앙선거관리위원회위원(남래진)선출에관한인사청문특별위원회
2020.06.15 ~ 2022.05.29 제21대 기획재정위원회"
7513,"2022.11.23 ~ 2023.01.17 제21대 용산이태원참사진상규명과재발방지를위한국정조사특별위원회
2022.11.23 ~ 2023.01.17 제21대 용산이태원참사진상규명을위한국정조사특별위원회
2022.07.26 ~ 2024.05.29 제21대 외교통일위원회
2022.07.22 ~ 2022.07.26 제21대 국방위원회
2020.08.24 ~ 2020.09.07 제21대 대법관(이흥구) 임명동의에 관한 인사청문특별위원회
2020.06.15 ~ 2022.05.29 제21대 과학기술정보방송통신위원회"
13,2023.11.02 ~ 2024.05.29 제21대 국방위원회
7514,"2022.07.22 ~ 2023.05.29 제21대 예산결산특별위원회
2022.07.22 ~ 2024.05.29 제21대 환경노동위원회
2020.06.15 ~ 2022.05.29 제21대 기획재정위원회"
7515,"2023.06.14 ~ 2024.05.29 제21대 예산결산특별위원회
2023.02.09 ~ 2024.05.29 제21대 기후위기특별위원회
2022.07.22 ~ 2023.06.22 제21대 여성가족위원회
2022.07.22 ~ 2024.05.29 제21대 농림축산식품해양수산위원회
2020.06.15 ~ 2021.05.29 제21대 예산결산특별위원회
2020.06.15 ~ 2022.05.29 제21대 농림축산식품해양수산위원회"
7516,"2023.06.13 ~ 2024.05.29 제21대 연금개혁특별위원회
2023.02.09 ~ 2024.05.29 제21대 인구위기특별위원회
2023.01.05 ~ 2024.05.29 제21대 국토교통위원회
2022.11.23 ~ 2023.01.05 제21대 기획재정위원회
2022.07.22 ~ 2022.11.23 제21대 국토교통위원회
2022.01.12 ~ 2023.12.31 제21대 국회 2030 부산세계박람회 유치지원 특별위원회
2020.06.15 ~ 2022.05.29 제21대 기획재정위원회"
7517,"2023.06.14 ~ 2024.05.29 제21대 예산결산특별위원회
2022.07.22 ~ 2024.05.29 제21대 교육위원회
2021.10.07 ~ 2021.11.11 제21대 감사원장(최재해) 임명동의에 관한 인사청문특별위원회
2021.09.01 ~ 2022.05.29 제21대 외교통일위원회
2020.06.15 ~ 2020.07.14 제21대 정보위원회
2020.06.15 ~ 2021.09.01 제21대 교육위원회"
7518,"2022.11.03 ~ 2023.05.29 제21대 예산결산특별위원회
2022.07.22 ~ 2024.05.29 제21대 기획재정위원회
2020.06.29 ~ 2020.09.14 제21대 예산결산특별위원회
2020.06.15 ~ 2022.05.29 제21대 정무위원회"
7519,"2024.02.19 ~ 2024.02.29 제21대 대법관(신숙희·엄상필)임명동의에관한인사청문특별위원회
2023.11.20 ~ 2023.12.08 제21대 대법원장(조희대)임명동의에관한인사청문특별위원회
2022.12.28 ~ 2023.04.25 제21대 윤리특별위원회
2022.08.02 ~ 2023.05.31 제21대 형사사법체계개혁특별위원회
2022.07.22 ~ 2024.05.29 제21대 정보위원회
2022.07.22 ~ 2024.05.29 제21대 법제사법위원회
2022.01.28 ~ 2022.03.14 제21대 예산결산특별위원회
2021.09.02 ~ 2021.09.16 제21대 대법관(오경미) 임명동의에 관한 인사청문특별위원회
2021.06.08 ~ 2022.03.24 제21대 국회운영위원회
2021.04.19 ~ 2021.04.29 제21대 대법관(천대엽) 임명동의에 관한 인사청문특별위원회
2020.09.10 ~ 2022.05.06 제21대 윤리특별위원회
2020.08.24 ~ 2020.09.07 제21대 대법관(이흥구) 임명동의에 관한 인사청문특별위원회
2020.07.06 ~ 2021.05.29 제21대 예산결산특별위원회
2020.06.29 ~ 2020.07.06 제21대 국회운영위원회
2020.06.15 ~ 2022.05.29 제21대 법제사법위원회
2020.06.09 ~ 2020.06.10 제21대 국회상임위원회 위원 정수에 관한 규칙 개정 특별위원회"
7520,"2023.02.09 ~ 2023.11.20 제21대 첨단전략산업특별위원회
2022.07.22 ~ 2024.05.29 제21대 정무위원회
2020.07.06 ~ 2022.05.29 제21대 정무위원회
2020.06.15 ~ 2020.07.06 제21대 기획재정위원회"
7521,"2023.05.10 ~ 2023.10.23 제21대 국회운영위원회
2022.07.22 ~ 2023.06.16 제21대 여성가족위원회
2022.07.22 ~ 2024.05.29 제21대 문화체육관광위원회
2021.07.02 ~ 2022.05.29 제21대 예산결산특별위원회
2021.03.16 ~ 2021.05.29 제21대 예산결산특별위원회
2020.06.15 ~ 2022.05.29 제21대 문화체육관광위원회
2020.06.15 ~ 2022.05.29 제21대 여성가족위원회"
7522,"2023.05.10 ~ 2023.05.12 제21대 국회운영위원회
2022.11.23 ~ 2023.01.17 제21대 용산이태원참사진상규명을위한국정조사특별위원회
2022.11.23 ~ 2023.01.17 제21대 용산이태원참사진상규명과재발방지를위한국정조사특별위원회
2022.07.22 ~ 2024.05.29 제21대 정보위원회
2022.07.22 ~ 2024.05.29 제21대 환경노동위원회
2022.07.22 ~ 2022.11.03 제21대 예산결산특별위원회
2020.09.28 ~ 2022.05.29 제21대 정보위원회
2020.09.21 ~ 2021.04.29 제21대 국회운영위원회
2020.06.15 ~ 2022.05.29 제21대 외교통일위원회"
7523,"2022.07.22 ~ 2024.05.29 제21대 산업통상자원중소벤처기업위원회
2020.06.15 ~ 2022.05.29 제21대 정무위원회"
7524,"2022.11.03 ~ 2023.04.25 제21대 국회운영위원회
2022.08.17 ~ 2022.11.24 제21대 대법관(오석준) 임명동의에 관한 인사청문특별위원회
2022.07.22 ~ 2022.10.26 제21대 국회운영위원회
2022.07.22 ~ 2022.07.26 제21대 예산결산특별위원회
2022.07.22 ~ 2024.05.29 제21대 과학기술정보방송통신위원회
2022.05.06 ~ 2022.05.29 제21대 국회운영위원회
2021.11.11 ~ 2022.05.29 제21대 언론·미디어 제도개선 특별위원회
2021.07.02 ~ 2022.05.29 제21대 예산결산특별위원회
2020.07.06 ~ 2022.05.29 제21대 정무위원회
2020.06.15 ~ 2020.07.06 제21대 산업통상자원중소벤처기업위원회"
7525,"2022.07.22 ~ 2024.05.29 제21대 농림축산식품해양수산위원회
2020.06.22 ~ 2022.05.29 제21대 환경노동위원회
2020.06.15 ~ 2020.06.22 제21대 교육위원회"
7526,"2023.12.20 ~ 2024.05.29 제21대 국방위원회
2023.02.15 ~ 2023.12.20 제21대 외교통일위원회
2022.07.22 ~ 2023.02.15 제21대 정무위원회
2020.06.15 ~ 2022.05.29 제21대 문화체육관광위원회"
7527,"2024.01.16 ~ 2024.05.29 제21대 기획재정위원회
2023.10.23 ~ 2024.05.29 제21대 국회운영위원회
2022.07.22 ~ 2023.05.29 제21대 예산결산특별위원회
2022.07.22 ~ 2024.01.16 제21대 정무위원회
2021.12.22 ~ 2022.05.29 제21대 교육위원회
2021.11.19 ~ 2021.12.22 제21대 외교통일위원회
2021.06.25 ~ 2021.11.19 제21대 교육위원회
2021.06.22 ~ 2021.06.25 제21대 행정안전위원회
2021.04.29 ~ 2022.04.07 제21대 국회운영위원회
2020.09.11 ~ 2021.01.08 제21대 중앙선거관리위원회 위원(조병현·조성대) 선출에 관한 인사청문특별위원회
2020.06.15 ~ 2021.06.22 제21대 교육위원회"
7528,"2023.11.20 ~ 2024.05.29 제21대 첨단전략산업특별위원회
2022.07.22 ~ 2024.05.29 제21대 기획재정위원회
2021.07.02 ~ 2022.05.29 제21대 예산결산특별위원회
2020.07.06 ~ 2022.05.29 제21대 산업통상자원중소벤처기업위원회
2020.06.15 ~ 2020.07.06 제21대 외교통일위원회"
7529,"2022.07.22 ~ 2024.05.29 제21대 과학기술정보방송통신위원회
2020.06.15 ~ 2022.05.29 제21대 과학기술정보방송통신위원회
2020.06.15 ~ 2021.05.29 제21대 예산결산특별위원회"
7530,"2023.10.23 ~ 2024.05.29 제21대 국회운영위원회
2023.02.09 ~ 2024.05.29 제21대 인구위기특별위원회
2022.07.22 ~ 2023.05.29 제21대 예산결산특별위원회
2022.07.22 ~ 2024.05.29 제21대 농림축산식품해양수산위원회
2020.06.15 ~ 2022.05.29 제21대 농림축산식품해양수산위원회"
7531,"2023.12.20 ~ 2024.05.29 제21대 외교통일위원회
2023.04.19 ~ 2023.12.20 제21대 국방위원회
2023.04.13 ~ 2024.05.29 제21대 국회운영위원회
2023.04.07 ~ 2024.05.29 제21대 정보위원회
2023.02.15 ~ 2023.04.19 제21대 정무위원회
2022.07.22 ~ 2023.02.15 제21대 외교통일위원회
2020.07.06 ~ 2022.05.29 제21대 정무위원회
2020.06.29 ~ 2020.07.06 제21대 환경노동위원회"
7532,"2022.07.22 ~ 2024.05.29 제21대 정무위원회
2022.07.22 ~ 2022.07.26 제21대 예산결산특별위원회
2021.05.04 ~ 2022.05.29 제21대 정무위원회
2020.07.06 ~ 2021.05.04 제21대 국방위원회
2020.07.06 ~ 2021.05.29 제21대 예산결산특별위원회
2020.06.29 ~ 2020.07.06 제21대 정무위원회"
7533,"2023.05.10 ~ 2023.10.23 제21대 국회운영위원회
2023.02.09 ~ 2024.05.29 제21대 인구위기특별위원회
2022.07.22 ~ 2024.05.29 제21대 농림축산식품해양수산위원회
2020.06.15 ~ 2022.05.29 제21대 환경노동위원회
2020.06.15 ~ 2021.05.29 제21대 예산결산특별위원회"
7534,"2022.08.02 ~ 2024.05.29 제21대 연금개혁특별위원회
2022.07.22 ~ 2022.07.26 제21대 예산결산특별위원회
2022.07.22 ~ 2024.05.29 제21대 정무위원회
2022.07.21 ~ 2022.10.31 제21대 민생경제안정특별위원회
2020.06.29 ~ 2022.05.29 제21대 정무위원회"
7535,"2022.07.22 ~ 2024.05.29 제21대 정무위원회
2022.04.28 ~ 2022.05.29 제21대 법제사법위원회
2022.04.18 ~ 2022.04.28 제21대 국방위원회
2021.09.02 ~ 2021.09.16 제21대 대법관(오경미) 임명동의에 관한 인사청문특별위원회
2020.07.06 ~ 2022.04.18 제21대 법제사법위원회
2020.06.29 ~ 2020.07.06 제21대 정무위원회"
7536,"2023.10.25 ~ 2023.11.30 제21대 헌법재판소장(이종석)임명동의에관한인사청문특별위원회
2022.07.22 ~ 2024.05.29 제21대 외교통일위원회
2021.08.25 ~ 2022.05.29 제21대 국방위원회
2021.04.29 ~ 2022.04.07 제21대 국회운영위원회
2021.04.27 ~ 2022.03.30 제21대 정보위원회
2020.06.15 ~ 2021.08.25 제21대 법제사법위원회"
7537,"2022.07.22 ~ 2024.05.29 제21대 국방위원회
2020.06.15 ~ 2022.05.29 제21대 기획재정위원회"
7538,"2020.06.29 ~ 2020.07.06 제21대 예산결산특별위원회
2020.06.15 ~ 2021.09.13 제21대 기획재정위원회"
7539,"2022.07.26 ~ 2024.05.29 제21대 문화체육관광위원회
2022.07.22 ~ 2022.07.26 제21대 보건복지위원회
2020.06.15 ~ 2021.01.18 제21대 정보위원회
2020.06.15 ~ 2022.05.29 제21대 농림축산식품해양수산위원회"
7540,"2022.01.12 ~ 2022.04.29 제21대 국회 2030 부산세계박람회 유치지원 특별위원회
2021.08.25 ~ 2022.04.29 제21대 외교통일위원회
2020.06.15 ~ 2021.03.16 제21대 예산결산특별위원회
2020.06.15 ~ 2021.08.25 제21대 기획재정위원회"
7541,"2020.06.30 ~ 2021.05.29 제21대 예산결산특별위원회
2020.06.15 ~ 2021.09.30 제21대 산업통상자원중소벤처기업위원회"
7542,2020.06.15 ~ 2021.09.15 제21대 외교통일위원회
7543,"2023.06.14 ~ 2024.05.29 제21대 예산결산특별위원회
2023.02.09 ~ 2024.05.29 제21대 인구위기특별위원회
2022.07.22 ~ 2024.05.29 제21대 농림축산식품해양수산위원회
2021.09.07 ~ 2022.05.29 제21대 보건복지위원회
2020.07.06 ~ 2021.09.07 제21대 문화체육관광위원회
2020.06.29 ~ 2020.07.06 제21대 행정안전위원회"
7544,"2023.10.23 ~ 2024.05.29 제21대 국회운영위원회
2023.06.22 ~ 2023.10.25 제21대 여성가족위원회
2022.08.29 ~ 2022.10.31 제21대 민생경제안정특별위원회
2022.07.22 ~ 2023.05.10 제21대 국회운영위원회
2022.07.22 ~ 2024.05.29 제21대 산업통상자원중소벤처기업위원회
2022.04.07 ~ 2022.04.29 제21대 국회운영위원회
2020.06.15 ~ 2022.05.29 제21대 산업통상자원중소벤처기업위원회"
7545,"2022.11.24 ~ 2023.01.17 제21대 용산이태원참사진상규명과재발방지를위한국정조사특별위원회
2022.11.03 ~ 2023.11.17 제21대 정치개혁특별위원회
2022.07.22 ~ 2024.05.29 제21대 행정안전위원회
2022.07.12 ~ 2022.08.02 제21대 중앙선거관리위원회위원(남래진)선출에관한인사청문특별위원회
2022.03.14 ~ 2022.05.29 제21대 예산결산특별위원회
2021.07.02 ~ 2022.01.28 제21대 예산결산특별위원회
2020.09.10 ~ 2022.05.06 제21대 윤리특별위원회
2020.07.06 ~ 2022.05.29 제21대 농림축산식품해양수산위원회
2020.06.29 ~ 2020.07.06 제21대 행정안전위원회"
7546,"2022.07.22 ~ 2024.05.29 제21대 외교통일위원회
2021.10.20 ~ 2022.05.29 제21대 행정안전위원회
2021.10.18 ~ 2021.10.20 제21대 외교통일위원회
2020.07.06 ~ 2021.10.18 제21대 행정안전위원회
2020.06.15 ~ 2020.07.06 제21대 보건복지위원회"
7547,"2023.06.14 ~ 2023.07.04 제21대 예산결산특별위원회
2023.05.10 ~ 2023.10.23 제21대 국회운영위원회
2022.07.22 ~ 2024.05.29 제21대 문화체육관광위원회
2020.06.15 ~ 2022.05.29 제21대 문화체육관광위원회"
7548,"2023.06.27 ~ 2023.07.18 제21대 대법관(권영준서경환)임명동의에관한인사청문특별위원회
2023.06.27 ~ 2023.07.18 제21대 대법관(권영준·서경환) 임명동의에 관한 인사청문특별위원회
2022.07.22 ~ 2024.05.29 제21대 외교통일위원회
2020.06.15 ~ 2022.05.29 제21대 외교통일위원회"
7549,"2021.05.26 ~ 2022.05.12 제21대 국방위원회
2020.06.15 ~ 2020.12.01 제21대 예산결산특별위원회
2020.06.15 ~ 2021.05.26 제21대 문화체육관광위원회"
7550,"2022.07.22 ~ 2024.05.29 제21대 문화체육관광위원회
2022.01.12 ~ 2023.12.31 제21대 국회 2030 부산세계박람회 유치지원 특별위원회
2020.06.15 ~ 2022.05.29 제21대 문화체육관광위원회"
7551,"2022.07.22 ~ 2024.05.29 제21대 행정안전위원회
2021.07.02 ~ 2022.05.29 제21대 예산결산특별위원회
2020.06.15 ~ 2022.05.29 제21대 산업통상자원중소벤처기업위원회
2020.06.15 ~ 2021.04.29 제21대 국회운영위원회"
7552,"2023.12.28 ~ 2024.05.29 제21대 국토교통위원회
2023.12.22 ~ 2023.12.28 제21대 과학기술정보방송통신위원회
2023.06.14 ~ 2024.05.29 제21대 예산결산특별위원회
2023.02.09 ~ 2024.05.29 제21대 기후위기특별위원회
2022.07.22 ~ 2023.12.22 제21대 국토교통위원회
2022.07.22 ~ 2023.06.21 제21대 여성가족위원회
2021.08.19 ~ 2022.05.29 제21대 산업통상자원중소벤처기업위원회
2021.08.17 ~ 2021.08.19 제21대 환경노동위원회
2021.03.16 ~ 2021.05.29 제21대 예산결산특별위원회
2020.08.24 ~ 2020.09.07 제21대 대법관(이흥구) 임명동의에 관한 인사청문특별위원회
2020.06.15 ~ 2021.08.17 제21대 산업통상자원중소벤처기업위원회
2020.06.15 ~ 2021.04.29 제21대 국회운영위원회
2020.06.09 ~ 2020.06.10 제21대 국회상임위원회 위원 정수에 관한 규칙 개정 특별위원회"
7553,"2023.10.25 ~ 2023.11.30 제21대 헌법재판소장(이종석)임명동의에관한인사청문특별위원회
2023.06.14 ~ 2024.05.29 제21대 예산결산특별위원회
2022.08.17 ~ 2022.11.24 제21대 대법관(오석준) 임명동의에 관한 인사청문특별위원회
2022.07.22 ~ 2024.05.29 제21대 환경노동위원회
2022.07.22 ~ 2023.05.10 제21대 국회운영위원회
2022.07.21 ~ 2022.10.31 제21대 민생경제안정특별위원회
2022.02.18 ~ 2022.03.03 제21대 예산결산특별위원회
2021.04.29 ~ 2022.04.07 제21대 국회운영위원회
2020.06.15 ~ 2022.05.29 제21대 여성가족위원회
2020.06.15 ~ 2022.05.29 제21대 환경노동위원회"
7554,"2023.08.31 ~ 2023.10.06 제21대 대법원장(이균용)임명동의에관한인사청문특별위원회
2023.02.09 ~ 2024.05.29 제21대 기후위기특별위원회
2022.12.28 ~ 2024.05.29 제21대 윤리특별위원회
2022.07.22 ~ 2024.05.29 제21대 기획재정위원회
2022.07.22 ~ 2023.05.29 제21대 예산결산특별위원회
2021.09.02 ~ 2021.09.16 제21대 대법관(오경미) 임명동의에 관한 인사청문특별위원회
2021.08.27 ~ 2022.05.29 제21대 법제사법위원회
2021.08.24 ~ 2021.08.27 제21대 문화체육관광위원회
2021.05.17 ~ 2021.08.24 제21대 법제사법위원회
2021.04.29 ~ 2022.04.07 제21대 국회운영위원회
2020.09.11 ~ 2021.01.08 제21대 중앙선거관리위원회 위원(조병현·조성대) 선출에 관한 인사청문특별위원회
2020.06.15 ~ 2021.08.17 제21대 여성가족위원회
2020.06.15 ~ 2021.05.17 제21대 산업통상자원중소벤처기업위원회"
7555,"2023.11.15 ~ 2024.05.29 제21대 국회운영위원회
2023.04.17 ~ 2024.05.29 제21대 윤리특별위원회
2023.04.17 ~ 2023.11.06 제21대 국회운영위원회
2022.08.02 ~ 2023.05.15 제21대 정치개혁특별위원회
2022.07.22 ~ 2024.05.29 제21대 농림축산식품해양수산위원회
2021.04.23 ~ 2021.05.13 제21대 국무총리(김부겸) 임명동의에 관한 인사청문특별위원회
2020.08.31 ~ 2022.05.29 제21대 여성가족위원회
2020.07.06 ~ 2022.05.29 제21대 농림축산식품해양수산위원회
2020.07.06 ~ 2020.08.20 제21대 국회운영위원회
2020.06.29 ~ 2020.07.06 제21대 국토교통위원회"
7556,"2022.05.09 ~ 2022.05.20 제21대 기획재정위원회
2022.04.11 ~ 2022.04.15 제21대 국무총리후보자(한덕수)에 관한 인사청문특별위원회
2021.11.15 ~ 2022.04.22 제21대 중앙선거관리위원회 위원(문상부) 선출에 관한 인사청문특별위원회
2021.09.07 ~ 2022.05.06 제21대 국회운영위원회
2021.09.02 ~ 2021.09.15 제21대 대법관(오경미) 임명동의에 관한 인사청문특별위원회
2021.01.06 ~ 2022.05.09 제21대 행정안전위원회
2020.12.21 ~ 2021.01.06 제21대 기획재정위원회
2020.11.16 ~ 2020.12.21 제21대 행정안전위원회
2020.07.06 ~ 2020.11.16 제21대 정무위원회
2020.06.29 ~ 2020.07.06 제21대 과학기술정보방송통신위원회
2020.06.29 ~ 2020.07.06 제21대 여성가족위원회"
7557,"2023.06.14 ~ 2024.05.29 제21대 예산결산특별위원회
2022.07.22 ~ 2024.05.29 제21대 문화체육관광위원회
2021.09.07 ~ 2022.05.29 제21대 문화체육관광위원회
2021.08.25 ~ 2021.09.07 제21대 보건복지위원회
2020.11.11 ~ 2021.06.08 제21대 국회운영위원회
2020.06.29 ~ 2021.08.25 제21대 문화체육관광위원회"
7558,"2023.11.02 ~ 2024.05.29 제21대 예산결산특별위원회
2023.10.23 ~ 2024.05.29 제21대 국회운영위원회
2023.02.09 ~ 2024.05.29 제21대 기후위기특별위원회
2022.07.22 ~ 2024.05.29 제21대 산업통상자원중소벤처기업위원회
2020.09.25 ~ 2022.05.29 제21대 과학기술정보방송통신위원회
2020.09.24 ~ 2020.09.25 제21대 정무위원회
2020.06.15 ~ 2021.04.29 제21대 국회운영위원회
2020.06.15 ~ 2020.09.24 제21대 과학기술정보방송통신위원회"
7559,"2023.06.14 ~ 2024.05.29 제21대 외교통일위원회
2022.07.22 ~ 2023.06.14 제21대 산업통상자원중소벤처기업위원회
2020.07.13 ~ 2022.05.29 제21대 외교통일위원회
2020.06.15 ~ 2020.07.13 제21대 산업통상자원중소벤처기업위원회
2020.06.15 ~ 2021.05.29 제21대 예산결산특별위원회"
7560,"2023.06.14 ~ 2024.05.29 제21대 예산결산특별위원회
2023.05.10 ~ 2023.10.23 제21대 국회운영위원회
2022.08.02 ~ 2024.05.29 제21대 연금개혁특별위원회
2022.07.22 ~ 2024.05.29 제21대 정무위원회
2022.01.12 ~ 2023.12.31 제21대 국회 2030 부산세계박람회 유치지원 특별위원회
2020.06.15 ~ 2022.05.29 제21대 정무위원회"
7561,"2023.06.14 ~ 2024.05.29 제21대 예산결산특별위원회
2022.08.02 ~ 2022.11.03 제21대 정치개혁특별위원회
2022.07.26 ~ 2023.05.29 제21대 예산결산특별위원회
2022.07.22 ~ 2024.05.29 제21대 문화체육관광위원회
2020.06.15 ~ 2021.05.29 제21대 예산결산특별위원회
2020.06.15 ~ 2022.05.29 제21대 보건복지위원회"
7562,"2023.02.09 ~ 2024.05.29 제21대 첨단전략산업특별위원회
2022.08.19 ~ 2024.01.10 제21대 정보위원회
2022.07.22 ~ 2024.05.29 제21대 외교통일위원회
2020.09.24 ~ 2022.05.29 제21대 과학기술정보방송통신위원회
2020.06.15 ~ 2020.09.24 제21대 정무위원회"
7563,"2023.10.25 ~ 2024.05.29 제21대 정치개혁특별위원회
2023.06.14 ~ 2024.05.29 제21대 예산결산특별위원회
2023.02.09 ~ 2024.05.29 제21대 인구위기특별위원회
2022.07.26 ~ 2024.05.29 제21대 여성가족위원회
2022.07.22 ~ 2024.05.29 제21대 농림축산식품해양수산위원회
2021.07.02 ~ 2022.05.29 제21대 예산결산특별위원회
2020.09.24 ~ 2020.10.22 제21대 국회운영위원회
2020.06.15 ~ 2022.05.29 제21대 농림축산식품해양수산위원회
2020.06.15 ~ 2022.05.29 제21대 여성가족위원회"
7564,"2022.07.22 ~ 2023.05.19 제21대 국회운영위원회
2022.07.22 ~ 2024.01.25 제21대 환경노동위원회
2022.05.11 ~ 2022.05.29 제21대 국회운영위원회
2021.12.01 ~ 2022.05.29 제21대 정치개혁 특별위원회
2021.11.15 ~ 2022.04.22 제21대 중앙선거관리위원회 위원(문상부) 선출에 관한 인사청문특별위원회
2021.04.23 ~ 2021.05.13 제21대 국무총리(김부겸) 임명동의에 관한 인사청문특별위원회
2020.06.15 ~ 2022.05.29 제21대 행정안전위원회
2020.06.15 ~ 2021.05.29 제21대 예산결산특별위원회"
8737,"2023.04.25 ~ 2024.05.29 제21대 국회운영위원회
2023.02.09 ~ 2024.05.29 제21대 기후위기특별위원회
2022.07.26 ~ 2023.05.29 제21대 예산결산특별위원회
2022.07.22 ~ 2024.05.29 제21대 산업통상자원중소벤처기업위원회"
7565,"2022.09.27 ~ 2024.05.29 제21대 정보위원회
2022.07.22 ~ 2024.05.29 제21대 과학기술정보방송통신위원회
2021.07.22 ~ 2022.05.29 제21대 기획재정위원회
2021.07.15 ~ 2021.07.22 제21대 국토교통위원회
2020.12.21 ~ 2021.07.15 제21대 기획재정위원회
2020.07.13 ~ 2020.12.21 제21대 산업통상자원중소벤처기업위원회
2020.06.15 ~ 2020.07.13 제21대 외교통일위원회"
14,2024.01.31 ~ 2024.05.29 제21대 문화체육관광위원회
7566,"2022.12.28 ~ 2024.05.29 제21대 윤리특별위원회
2022.07.22 ~ 2024.05.29 제21대 산업통상자원중소벤처기업위원회
2022.07.22 ~ 2023.05.10 제21대 국회운영위원회
2022.04.07 ~ 2022.05.29 제21대 국회운영위원회
2021.07.02 ~ 2022.05.29 제21대 예산결산특별위원회
2020.06.15 ~ 2022.05.29 제21대 산업통상자원중소벤처기업위원회"
8738,2022.07.22 ~ 2024.05.29 제21대 국방위원회
7567,"2023.06.14 ~ 2024.05.29 제21대 산업통상자원중소벤처기업위원회
2022.07.22 ~ 2023.06.14 제21대 외교통일위원회
2020.09.10 ~ 2022.06.30 제21대 윤리특별위원회
2020.06.15 ~ 2022.05.29 제21대 외교통일위원회"
7568,"2023.11.20 ~ 2023.12.08 제21대 대법원장(조희대)임명동의에관한인사청문특별위원회
2022.07.22 ~ 2024.05.29 제21대 과학기술정보방송통신위원회
2022.07.22 ~ 2023.05.10 제21대 국회운영위원회
2021.12.01 ~ 2022.05.29 제21대 정치개혁 특별위원회
2020.09.10 ~ 2022.06.30 제21대 윤리특별위원회
2020.06.15 ~ 2021.05.29 제21대 예산결산특별위원회
2020.06.15 ~ 2022.05.29 제21대 정무위원회"
7569,"2023.01.09 ~ 2024.05.29 제21대 산업통상자원중소벤처기업위원회
2022.07.22 ~ 2023.01.09 제21대 국토교통위원회
2021.07.02 ~ 2022.05.29 제21대 예산결산특별위원회
2020.09.10 ~ 2022.05.29 제21대 국토교통위원회
2020.07.06 ~ 2020.09.10 제21대 예산결산특별위원회
2020.07.06 ~ 2020.09.10 제21대 환경노동위원회
2020.06.15 ~ 2020.07.06 제21대 외교통일위원회"
7570,"2023.02.09 ~ 2024.05.29 제21대 인구위기특별위원회
2022.12.28 ~ 2023.04.25 제21대 윤리특별위원회
2022.09.07 ~ 2023.04.25 제21대 국회운영위원회
2022.07.22 ~ 2022.07.26 제21대 예산결산특별위원회
2022.07.22 ~ 2024.05.29 제21대 보건복지위원회
2022.07.22 ~ 2022.08.23 제21대 국회운영위원회
2022.05.06 ~ 2022.06.30 제21대 윤리특별위원회
2022.01.28 ~ 2022.03.14 제21대 예산결산특별위원회
2020.06.15 ~ 2022.05.29 제21대 보건복지위원회"
7571,"2023.02.09 ~ 2024.05.29 제21대 기후위기특별위원회
2022.07.26 ~ 2022.11.04 제21대 예산결산특별위원회
2022.07.22 ~ 2024.05.29 제21대 환경노동위원회
2022.01.12 ~ 2023.12.31 제21대 국회 2030 부산세계박람회 유치지원 특별위원회
2020.07.06 ~ 2022.05.29 제21대 산업통상자원중소벤처기업위원회
2020.06.29 ~ 2020.07.06 제21대 정무위원회
2020.06.29 ~ 2020.07.06 제21대 국회운영위원회
2020.06.09 ~ 2020.06.10 제21대 국회상임위원회 위원 정수에 관한 규칙 개정 특별위원회"
7572,"2023.03.27 ~ 2024.05.29 제21대 국방위원회
2022.07.22 ~ 2023.03.27 제21대 행정안전위원회
2021.08.25 ~ 2022.05.29 제21대 문화체육관광위원회
2020.07.06 ~ 2021.08.25 제21대 국방위원회
2020.06.15 ~ 2020.07.06 제21대 산업통상자원중소벤처기업위원회"
7573,"2022.08.17 ~ 2023.05.29 제21대 예산결산특별위원회
2022.07.22 ~ 2024.05.29 제21대 산업통상자원중소벤처기업위원회
2022.03.14 ~ 2022.05.29 제21대 예산결산특별위원회
2021.07.08 ~ 2022.02.07 제21대 예산결산특별위원회
2020.07.06 ~ 2021.09.07 제21대 정보위원회
2020.07.06 ~ 2022.05.29 제21대 산업통상자원중소벤처기업위원회
2020.06.29 ~ 2020.07.06 제21대 예산결산특별위원회
2020.06.15 ~ 2020.07.06 제21대 국방위원회"
7574,"2024.05.07 ~ 2024.05.29 제21대 행정안전위원회
2024.02.19 ~ 2024.02.29 제21대 대법관(신숙희·엄상필)임명동의에관한인사청문특별위원회
2023.10.25 ~ 2023.11.30 제21대 헌법재판소장(이종석)임명동의에관한인사청문특별위원회
2022.08.17 ~ 2022.11.24 제21대 대법관(오석준) 임명동의에 관한 인사청문특별위원회
2022.08.02 ~ 2024.05.29 제21대 정치개혁특별위원회
2022.07.22 ~ 2022.07.26 제21대 여성가족위원회
2022.07.22 ~ 2024.05.07 제21대 법제사법위원회
2021.12.01 ~ 2022.05.29 제21대 정치개혁 특별위원회
2021.09.13 ~ 2022.05.29 제21대 교육위원회
2021.09.06 ~ 2021.09.13 제21대 법제사법위원회
2020.06.22 ~ 2021.09.06 제21대 교육위원회
2020.06.15 ~ 2020.06.22 제21대 환경노동위원회"
7575,"2023.02.09 ~ 2024.05.29 제21대 기후위기특별위원회
2022.07.22 ~ 2024.05.29 제21대 교육위원회
2021.07.02 ~ 2022.05.29 제21대 예산결산특별위원회
2020.09.10 ~ 2022.06.30 제21대 윤리특별위원회
2020.06.15 ~ 2022.05.29 제21대 외교통일위원회"
7576,"2023.12.29 ~ 2024.05.29 제21대 환경노동위원회
2023.12.22 ~ 2023.12.29 제21대 국토교통위원회
2022.07.22 ~ 2023.05.29 제21대 예산결산특별위원회
2022.07.22 ~ 2023.12.22 제21대 환경노동위원회
2022.07.21 ~ 2022.08.29 제21대 민생경제안정특별위원회
2020.06.15 ~ 2022.05.29 제21대 산업통상자원중소벤처기업위원회"
7577,"2023.11.28 ~ 2024.05.29 제21대 정치개혁특별위원회
2022.11.23 ~ 2023.01.17 제21대 용산이태원참사진상규명을위한국정조사특별위원회
2022.11.23 ~ 2023.01.17 제21대 용산이태원참사진상규명과재발방지를위한국정조사특별위원회
2022.08.02 ~ 2022.11.23 제21대 연금개혁특별위원회
2022.07.22 ~ 2024.05.29 제21대 행정안전위원회
2022.07.12 ~ 2022.08.02 제21대 중앙선거관리위원회위원(남래진)선출에관한인사청문특별위원회
2022.04.11 ~ 2022.05.20 제21대 국무총리후보자(한덕수)에 관한 인사청문특별위원회
2021.11.15 ~ 2021.11.19 제21대 중앙선거관리위원회 위원(문상부) 선출에 관한 인사청문특별위원회
2020.09.11 ~ 2021.01.08 제21대 중앙선거관리위원회 위원(조병현·조성대) 선출에 관한 인사청문특별위원회
2020.06.15 ~ 2021.05.29 제21대 예산결산특별위원회
2020.06.15 ~ 2022.05.29 제21대 행정안전위원회"
7578,"2022.07.22 ~ 2024.05.29 제21대 국방위원회
2022.01.12 ~ 2023.12.31 제21대 국회 2030 부산세계박람회 유치지원 특별위원회
2020.07.06 ~ 2022.05.29 제21대 국토교통위원회
2020.06.29 ~ 2020.07.06 제21대 정무위원회"
7579,"2023.07.04 ~ 2024.05.29 제21대 예산결산특별위원회
2022.07.22 ~ 2024.05.29 제21대 행정안전위원회
2022.07.12 ~ 2022.08.02 제21대 중앙선거관리위원회위원(남래진)선출에관한인사청문특별위원회
2021.11.15 ~ 2021.11.19 제21대 중앙선거관리위원회 위원(문상부) 선출에 관한 인사청문특별위원회
2021.10.20 ~ 2022.05.29 제21대 행정안전위원회
2021.10.18 ~ 2021.10.20 제21대 교육위원회
2021.10.07 ~ 2021.10.13 제21대 감사원장(최재해) 임명동의에 관한 인사청문특별위원회
2020.06.15 ~ 2021.10.18 제21대 행정안전위원회"
7580,"2022.07.22 ~ 2024.05.29 제21대 보건복지위원회
2020.06.15 ~ 2022.05.29 제21대 보건복지위원회"
8733,"2023.06.14 ~ 2024.05.29 제21대 예산결산특별위원회
2023.04.25 ~ 2024.05.29 제21대 윤리특별위원회
2022.07.22 ~ 2024.05.29 제21대 국방위원회
2022.03.16 ~ 2022.05.29 제21대 과학기술정보방송통신위원회"
7581,"2023.10.23 ~ 2024.05.29 제21대 국회운영위원회
2023.02.09 ~ 2024.05.29 제21대 첨단전략산업특별위원회
2022.07.22 ~ 2024.05.29 제21대 문화체육관광위원회
2022.07.22 ~ 2023.05.29 제21대 예산결산특별위원회
2021.09.23 ~ 2022.05.29 제21대 문화체육관광위원회
2021.09.16 ~ 2021.09.23 제21대 행정안전위원회
2021.07.28 ~ 2022.04.07 제21대 국회운영위원회
2020.06.15 ~ 2021.09.16 제21대 문화체육관광위원회
2020.06.15 ~ 2021.05.26 제21대 여성가족위원회"
7582,"2023.02.09 ~ 2024.05.29 제21대 기후위기특별위원회
2022.07.22 ~ 2024.05.29 제21대 환경노동위원회
2021.06.08 ~ 2022.03.24 제21대 국회운영위원회
2020.07.06 ~ 2021.05.29 제21대 예산결산특별위원회
2020.06.29 ~ 2020.07.06 제21대 여성가족위원회
2020.06.29 ~ 2022.05.29 제21대 환경노동위원회"
7583,"2022.07.22 ~ 2024.02.08 제21대 문화체육관광위원회
2022.07.22 ~ 2022.11.03 제21대 예산결산특별위원회
2020.07.14 ~ 2022.05.29 제21대 환경노동위원회
2020.06.29 ~ 2020.07.14 제21대 보건복지위원회
2020.06.15 ~ 2020.06.29 제21대 환경노동위원회
2020.06.15 ~ 2020.06.29 제21대 예산결산특별위원회"
7584,"2022.08.02 ~ 2023.05.31 제21대 형사사법체계개혁특별위원회
2022.07.22 ~ 2024.05.29 제21대 행정안전위원회
2022.07.22 ~ 2022.08.19 제21대 정보위원회
2021.11.19 ~ 2022.04.22 제21대 중앙선거관리위원회 위원(문상부) 선출에 관한 인사청문특별위원회
2020.09.21 ~ 2020.09.24 제21대 국회운영위원회
2020.09.11 ~ 2021.01.08 제21대 중앙선거관리위원회 위원(조병현·조성대) 선출에 관한 인사청문특별위원회
2020.06.15 ~ 2022.05.29 제21대 행정안전위원회
2020.06.15 ~ 2021.05.29 제21대 예산결산특별위원회"
7585,"2023.10.23 ~ 2024.05.29 제21대 국회운영위원회
2022.07.26 ~ 2024.05.29 제21대 여성가족위원회
2022.07.22 ~ 2023.05.29 제21대 예산결산특별위원회
2022.07.22 ~ 2024.05.29 제21대 과학기술정보방송통신위원회
2021.12.01 ~ 2022.05.29 제21대 정치개혁 특별위원회
2021.09.01 ~ 2022.05.29 제21대 여성가족위원회
2021.07.22 ~ 2022.05.29 제21대 국토교통위원회
2021.07.15 ~ 2021.07.22 제21대 기획재정위원회
2021.04.29 ~ 2022.04.07 제21대 국회운영위원회
2020.12.08 ~ 2021.08.25 제21대 여성가족위원회
2020.09.11 ~ 2021.01.08 제21대 중앙선거관리위원회 위원(조병현·조성대) 선출에 관한 인사청문특별위원회
2020.06.15 ~ 2021.07.15 제21대 국토교통위원회"
8741,"2023.08.31 ~ 2023.10.06 제21대 대법원장(이균용)임명동의에관한인사청문특별위원회
2023.06.27 ~ 2023.07.07 제21대 대법관(권영준서경환)임명동의에관한인사청문특별위원회
2023.06.27 ~ 2023.07.18 제21대 대법관(권영준·서경환) 임명동의에 관한 인사청문특별위원회
2023.06.14 ~ 2024.05.29 제21대 예산결산특별위원회
2022.12.28 ~ 2023.04.25 제21대 윤리특별위원회
2022.09.29 ~ 2024.05.29 제21대 국회운영위원회
2022.08.17 ~ 2022.11.24 제21대 대법관(오석준) 임명동의에 관한 인사청문특별위원회
2022.08.02 ~ 2024.05.29 제21대 정치개혁특별위원회
2022.07.26 ~ 2023.05.29 제21대 예산결산특별위원회
2022.07.22 ~ 2024.05.29 제21대 법제사법위원회
2022.07.21 ~ 2022.10.31 제21대 민생경제안정특별위원회"
7586,"2023.05.30 ~ 2024.05.29 제21대 과학기술정보방송통신위원회
2022.07.22 ~ 2023.05.30 제21대 행정안전위원회
2022.05.09 ~ 2022.05.29 제21대 행정안전위원회
2022.04.28 ~ 2022.05.09 제21대 법제사법위원회
2022.04.18 ~ 2022.04.28 제21대 행정안전위원회
2020.09.11 ~ 2021.01.08 제21대 중앙선거관리위원회 위원(조병현·조성대) 선출에 관한 인사청문특별위원회
2020.06.15 ~ 2022.04.18 제21대 법제사법위원회"
7587,"2023.05.10 ~ 2023.10.23 제21대 국회운영위원회
2022.07.22 ~ 2024.05.29 제21대 국토교통위원회
2021.07.02 ~ 2022.05.29 제21대 예산결산특별위원회
2020.06.15 ~ 2022.05.29 제21대 환경노동위원회"
7588,"2023.06.27 ~ 2023.07.18 제21대 대법관(권영준·서경환) 임명동의에 관한 인사청문특별위원회
2023.06.27 ~ 2023.07.18 제21대 대법관(권영준서경환)임명동의에관한인사청문특별위원회
2023.06.14 ~ 2024.05.29 제21대 예산결산특별위원회
2023.02.09 ~ 2024.05.29 제21대 기후위기특별위원회
2022.11.23 ~ 2023.01.17 제21대 용산이태원참사진상규명을위한국정조사특별위원회
2022.11.23 ~ 2023.01.17 제21대 용산이태원참사진상규명과재발방지를위한국정조사특별위원회
2022.07.22 ~ 2024.05.29 제21대 기획재정위원회
2021.09.06 ~ 2021.09.16 제21대 대법관(오경미) 임명동의에 관한 인사청문특별위원회
2020.06.15 ~ 2022.05.29 제21대 기획재정위원회"
7589,"2023.02.16 ~ 2023.12.31 제21대 국회 2030 부산세계박람회 유치지원 특별위원회
2022.09.07 ~ 2023.04.25 제21대 국회운영위원회
2022.07.22 ~ 2024.05.29 제21대 행정안전위원회
2022.07.22 ~ 2022.08.23 제21대 국회운영위원회
2022.07.22 ~ 2022.07.26 제21대 예산결산특별위원회
2022.07.12 ~ 2022.08.02 제21대 중앙선거관리위원회위원(남래진)선출에관한인사청문특별위원회
2022.05.06 ~ 2022.05.29 제21대 국회운영위원회
2020.06.15 ~ 2022.05.29 제21대 보건복지위원회"
7590,"2024.05.14 ~ 2024.05.29 제21대 법제사법위원회
2023.11.20 ~ 2023.12.08 제21대 대법원장(조희대)임명동의에관한인사청문특별위원회
2022.08.17 ~ 2023.05.29 제21대 예산결산특별위원회
2022.07.22 ~ 2023.05.10 제21대 국회운영위원회
2022.07.22 ~ 2024.05.14 제21대 환경노동위원회
2022.04.08 ~ 2022.05.29 제21대 언론·미디어 제도개선 특별위원회
2022.04.07 ~ 2022.05.29 제21대 국회운영위원회
2021.05.26 ~ 2022.05.29 제21대 문화체육관광위원회
2021.03.26 ~ 2021.05.26 제21대 국토교통위원회
2020.06.15 ~ 2021.03.26 제21대 문화체육관광위원회"
7591,"2023.03.24 ~ 2023.07.13 제21대 국회운영위원회
2022.08.02 ~ 2023.06.14 제21대 정치개혁특별위원회
2022.07.22 ~ 2024.05.29 제21대 문화체육관광위원회
2022.01.12 ~ 2023.12.31 제21대 국회 2030 부산세계박람회 유치지원 특별위원회
2021.07.02 ~ 2022.05.29 제21대 예산결산특별위원회
2020.09.24 ~ 2021.04.29 제21대 국회운영위원회
2020.09.14 ~ 2021.10.07 제21대 윤리특별위원회
2020.06.15 ~ 2022.05.29 제21대 정무위원회"
7592,"2024.05.21 ~ 2024.05.29 제21대 법제사법위원회
2024.05.13 ~ 2024.05.21 제21대 보건복지위원회
2023.11.20 ~ 2023.12.08 제21대 대법원장(조희대)임명동의에관한인사청문특별위원회
2023.08.31 ~ 2023.10.06 제21대 대법원장(이균용)임명동의에관한인사청문특별위원회
2023.07.07 ~ 2023.07.18 제21대 대법관(권영준·서경환) 임명동의에 관한 인사청문특별위원회
2023.06.14 ~ 2024.05.29 제21대 예산결산특별위원회
2023.04.25 ~ 2024.05.29 제21대 국회운영위원회
2022.11.24 ~ 2023.01.17 제21대 용산이태원참사진상규명과재발방지를위한국정조사특별위원회
2022.08.02 ~ 2023.05.31 제21대 형사사법체계개혁특별위원회
2022.07.22 ~ 2024.05.13 제21대 법제사법위원회
2022.07.22 ~ 2023.04.25 제21대 여성가족위원회
2022.04.11 ~ 2022.05.20 제21대 국무총리후보자(한덕수)에 관한 인사청문특별위원회
2021.12.01 ~ 2022.05.29 제21대 정치개혁 특별위원회
2021.11.15 ~ 2021.11.16 제21대 중앙선거관리위원회 위원(문상부) 선출에 관한 인사청문특별위원회
2021.06.08 ~ 2022.05.06 제21대 국회운영위원회
2021.05.10 ~ 2022.05.06 제21대 윤리특별위원회
2021.04.19 ~ 2021.04.29 제21대 대법관(천대엽) 임명동의에 관한 인사청문특별위원회
2020.09.11 ~ 2021.01.08 제21대 중앙선거관리위원회 위원(조병현·조성대) 선출에 관한 인사청문특별위원회
2020.08.24 ~ 2020.09.07 제21대 대법관(이흥구) 임명동의에 관한 인사청문특별위원회
2020.07.06 ~ 2022.05.29 제21대 여성가족위원회
2020.06.15 ~ 2022.05.29 제21대 법제사법위원회
2020.06.09 ~ 2020.06.10 제21대 국회상임위원회 위원 정수에 관한 규칙 개정 특별위원회"
7593,"2023.06.14 ~ 2024.05.29 제21대 외교통일위원회
2022.07.22 ~ 2023.06.14 제21대 환경노동위원회
2021.08.25 ~ 2022.05.29 제21대 기획재정위원회
2020.07.14 ~ 2021.01.07 제21대 정보위원회
2020.06.15 ~ 2021.08.25 제21대 외교통일위원회"
7594,"2023.08.31 ~ 2023.10.06 제21대 대법원장(이균용)임명동의에관한인사청문특별위원회
2023.03.20 ~ 2024.05.29 제21대 인구위기특별위원회
2022.07.26 ~ 2024.05.29 제21대 보건복지위원회
2022.07.22 ~ 2022.07.26 제21대 문화체육관광위원회
2022.07.22 ~ 2023.05.29 제21대 예산결산특별위원회
2022.07.12 ~ 2022.08.02 제21대 중앙선거관리위원회위원(남래진)선출에관한인사청문특별위원회
2021.11.11 ~ 2022.05.29 제21대 언론·미디어 제도개선 특별위원회
2021.07.02 ~ 2022.05.29 제21대 예산결산특별위원회
2020.06.15 ~ 2022.05.29 제21대 과학기술정보방송통신위원회"
7595,"2024.02.19 ~ 2024.02.29 제21대 대법관(신숙희·엄상필)임명동의에관한인사청문특별위원회
2023.04.25 ~ 2024.05.29 제21대 국회운영위원회
2022.07.22 ~ 2024.05.29 제21대 여성가족위원회
2022.07.22 ~ 2024.05.29 제21대 교육위원회
2020.06.29 ~ 2022.05.29 제21대 교육위원회"
7596,"2024.05.21 ~ 2024.05.29 제21대 국토교통위원회
2024.05.16 ~ 2024.05.21 제21대 법제사법위원회
2022.07.22 ~ 2024.05.16 제21대 국토교통위원회
2022.03.14 ~ 2022.05.29 제21대 예산결산특별위원회
2021.07.02 ~ 2022.01.28 제21대 예산결산특별위원회
2021.04.19 ~ 2021.04.29 제21대 대법관(천대엽) 임명동의에 관한 인사청문특별위원회
2020.06.29 ~ 2022.05.29 제21대 국토교통위원회"
7597,"2023.11.20 ~ 2023.12.08 제21대 대법원장(조희대)임명동의에관한인사청문특별위원회
2022.08.02 ~ 2023.05.31 제21대 형사사법체계개혁특별위원회
2022.07.26 ~ 2024.05.29 제21대 국방위원회
2022.07.22 ~ 2022.07.26 제21대 외교통일위원회
2020.06.29 ~ 2021.05.29 제21대 예산결산특별위원회
2020.06.15 ~ 2022.05.29 제21대 기획재정위원회"
5592,"2022.07.22 ~ 2024.05.29 제21대 행정안전위원회
2022.03.16 ~ 2022.05.29 제21대 산업통상자원중소벤처기업위원회"
7598,"2022.07.26 ~ 2023.05.29 제21대 예산결산특별위원회
2022.07.22 ~ 2024.05.29 제21대 산업통상자원중소벤처기업위원회
2022.03.14 ~ 2022.05.29 제21대 예산결산특별위원회
2021.08.25 ~ 2022.05.29 제21대 기획재정위원회
2021.07.02 ~ 2022.01.28 제21대 예산결산특별위원회
2020.06.29 ~ 2021.08.25 제21대 농림축산식품해양수산위원회
2020.06.29 ~ 2021.05.29 제21대 예산결산특별위원회"
7599,"2022.07.22 ~ 2024.05.29 제21대 산업통상자원중소벤처기업위원회
2022.07.22 ~ 2023.05.29 제21대 예산결산특별위원회
2020.09.14 ~ 2021.05.29 제21대 예산결산특별위원회
2020.06.15 ~ 2022.05.29 제21대 기획재정위원회"
7600,"2024.05.21 ~ 2024.05.29 제21대 법제사법위원회
2024.05.16 ~ 2024.05.21 제21대 국토교통위원회
2023.11.20 ~ 2023.12.08 제21대 대법원장(조희대)임명동의에관한인사청문특별위원회
2023.08.31 ~ 2023.10.06 제21대 대법원장(이균용)임명동의에관한인사청문특별위원회
2023.06.27 ~ 2023.07.18 제21대 대법관(권영준서경환)임명동의에관한인사청문특별위원회
2023.06.27 ~ 2023.07.18 제21대 대법관(권영준·서경환) 임명동의에 관한 인사청문특별위원회
2023.02.15 ~ 2024.05.29 제21대 정보위원회
2022.08.17 ~ 2023.05.29 제21대 예산결산특별위원회
2022.08.17 ~ 2022.11.24 제21대 대법관(오석준) 임명동의에 관한 인사청문특별위원회
2022.08.02 ~ 2023.05.31 제21대 형사사법체계개혁특별위원회
2022.07.22 ~ 2024.05.16 제21대 법제사법위원회
2021.12.01 ~ 2022.05.29 제21대 정치개혁 특별위원회
2021.10.07 ~ 2021.11.11 제21대 감사원장(최재해) 임명동의에 관한 인사청문특별위원회
2021.04.19 ~ 2021.04.29 제21대 대법관(천대엽) 임명동의에 관한 인사청문특별위원회
2020.08.20 ~ 2021.06.08 제21대 국회운영위원회
2020.07.06 ~ 2022.05.29 제21대 농림축산식품해양수산위원회
2020.07.06 ~ 2020.08.31 제21대 여성가족위원회
2020.06.29 ~ 2020.07.06 제21대 정무위원회"
7601,2020.06.15 ~ 2021.08.28 제21대 국토교통위원회
7602,"2022.07.22 ~ 제21대 외교통일위원회
2020.07.06 ~ 2022.05.29 제21대 외교통일위원회
2020.06.15 ~ 2020.07.06 제21대 국방위원회"
7603,"2022.07.22 ~ 제21대 환경노동위원회
2020.07.06 ~ 2022.05.29 제21대 교육위원회
2020.07.06 ~ 2021.05.29 제21대 예산결산특별위원회
2020.06.29 ~ 2020.07.06 제21대 국토교통위원회"
7604,"2023.06.14 ~ 2024.05.29 제21대 산업통상자원중소벤처기업위원회
2022.07.22 ~ 2023.06.14 제21대 과학기술정보방송통신위원회
2021.09.01 ~ 2022.05.29 제21대 문화체육관광위원회
2020.06.15 ~ 2021.09.01 제21대 교육위원회"
7605,"2022.07.22 ~ 2024.05.29 제21대 보건복지위원회
2021.12.01 ~ 2022.05.29 제21대 정치개혁 특별위원회
2020.06.15 ~ 2021.09.01 제21대 여성가족위원회
2020.06.15 ~ 2022.05.29 제21대 보건복지위원회"
7606,"2022.08.02 ~ 2024.05.29 제21대 연금개혁특별위원회
2022.07.22 ~ 2024.05.29 제21대 기획재정위원회
2021.07.02 ~ 2022.05.29 제21대 예산결산특별위원회
2020.06.15 ~ 2022.05.29 제21대 산업통상자원중소벤처기업위원회"
7607,"2022.07.22 ~ 2024.05.29 제21대 과학기술정보방송통신위원회
2021.11.11 ~ 2022.05.29 제21대 언론·미디어 제도개선 특별위원회
2020.06.15 ~ 2022.05.29 제21대 과학기술정보방송통신위원회"
7608,"2024.02.19 ~ 2024.02.29 제21대 대법관(신숙희·엄상필)임명동의에관한인사청문특별위원회
2023.11.06 ~ 2024.05.29 제21대 국회운영위원회
2022.10.26 ~ 2022.11.03 제21대 국회운영위원회
2022.08.23 ~ 2022.09.07 제21대 국회운영위원회
2022.08.02 ~ 2023.07.11 제21대 정치개혁특별위원회
2022.07.26 ~ 2023.05.29 제21대 예산결산특별위원회
2022.07.22 ~ 2024.05.29 제21대 농림축산식품해양수산위원회
2022.03.14 ~ 2022.05.29 제21대 예산결산특별위원회
2021.11.11 ~ 2022.05.29 제21대 언론·미디어 제도개선 특별위원회
2021.07.02 ~ 2022.01.28 제21대 예산결산특별위원회
2020.09.10 ~ 2021.06.08 제21대 국회운영위원회
2020.07.06 ~ 2022.05.29 제21대 과학기술정보방송통신위원회
2020.06.29 ~ 2020.07.06 제21대 농림축산식품해양수산위원회
2020.06.29 ~ 2020.07.06 제21대 국회운영위원회"
7609,"2022.11.04 ~ 2023.05.29 제21대 예산결산특별위원회
2022.07.22 ~ 2024.05.29 제21대 교육위원회
2022.03.14 ~ 2022.05.29 제21대 예산결산특별위원회
2021.07.02 ~ 2022.01.28 제21대 예산결산특별위원회
2020.07.06 ~ 2022.05.29 제21대 교육위원회
2020.06.15 ~ 2020.07.06 제21대 기획재정위원회"
7610,"2023.04.25 ~ 2024.05.29 제21대 국회운영위원회
2023.02.09 ~ 2024.05.29 제21대 기후위기특별위원회
2022.09.02 ~ 2024.05.29 제21대 보건복지위원회
2022.07.22 ~ 2022.09.02 제21대 국토교통위원회
2022.01.14 ~ 2022.05.29 제21대 교육위원회
2021.10.07 ~ 2021.10.18 제21대 감사원장(최재해) 임명동의에 관한 인사청문특별위원회
2021.08.25 ~ 2022.01.14 제21대 국방위원회
2020.11.16 ~ 2021.08.25 제21대 보건복지위원회
2020.06.29 ~ 2020.11.16 제21대 과학기술정보방송통신위원회"
7611,"2024.04.30 ~ 2024.05.29 제21대 환경노동위원회
2023.06.14 ~ 2024.05.29 제21대 예산결산특별위원회
2022.11.24 ~ 2023.01.17 제21대 용산이태원참사진상규명과재발방지를위한국정조사특별위원회
2022.08.17 ~ 2023.05.29 제21대 예산결산특별위원회
2022.08.02 ~ 2023.05.31 제21대 형사사법체계개혁특별위원회
2022.07.22 ~ 2024.04.30 제21대 법제사법위원회
2022.07.22 ~ 2022.07.26 제21대 예산결산특별위원회
2021.04.23 ~ 2021.05.13 제21대 국무총리(김부겸) 임명동의에 관한 인사청문특별위원회
2020.08.24 ~ 2020.09.07 제21대 대법관(이흥구) 임명동의에 관한 인사청문특별위원회
2020.07.06 ~ 2021.06.08 제21대 국회운영위원회
2020.07.06 ~ 2022.05.29 제21대 법제사법위원회
2020.06.29 ~ 2020.07.06 제21대 교육위원회"
7612,"2023.12.28 ~ 2024.05.29 제21대 과학기술정보방송통신위원회
2023.12.22 ~ 2023.12.28 제21대 국토교통위원회
2023.06.14 ~ 2024.05.29 제21대 예산결산특별위원회
2023.02.09 ~ 2024.05.29 제21대 첨단전략산업특별위원회
2022.07.22 ~ 2023.12.22 제21대 과학기술정보방송통신위원회
2021.05.26 ~ 2022.05.29 제21대 여성가족위원회
2021.04.27 ~ 2021.04.29 제21대 국회운영위원회
2020.06.15 ~ 2022.05.29 제21대 과학기술정보방송통신위원회
2020.06.15 ~ 2021.04.26 제21대 국회운영위원회
2020.06.09 ~ 2020.06.10 제21대 국회상임위원회 위원 정수에 관한 규칙 개정 특별위원회"
7613,"2022.07.22 ~ 2024.05.29 제21대 국토교통위원회
2021.11.22 ~ 2022.05.29 제21대 국토교통위원회
2021.11.15 ~ 2021.11.22 제21대 행정안전위원회
2021.07.02 ~ 2022.05.29 제21대 예산결산특별위원회
2020.06.15 ~ 2021.11.15 제21대 국토교통위원회"
8732,"2024.02.19 ~ 2024.02.29 제21대 대법관(신숙희·엄상필)임명동의에관한인사청문특별위원회
2022.11.24 ~ 2023.01.17 제21대 용산이태원참사진상규명과재발방지를위한국정조사특별위원회
2022.07.22 ~ 2023.04.25 제21대 국회운영위원회
2022.07.22 ~ 2024.05.29 제21대 여성가족위원회
2022.07.22 ~ 2022.07.26 제21대 예산결산특별위원회
2022.07.22 ~ 2024.05.29 제21대 행정안전위원회
2022.07.21 ~ 2022.10.31 제21대 민생경제안정특별위원회
2022.05.06 ~ 2022.05.29 제21대 국회운영위원회
2022.03.16 ~ 2022.05.29 제21대 외교통일위원회"
7614,"2023.06.14 ~ 2024.05.29 제21대 정무위원회
2023.06.14 ~ 2024.05.29 제21대 예산결산특별위원회
2022.11.23 ~ 2023.01.17 제21대 용산이태원참사진상규명과재발방지를위한국정조사특별위원회
2022.11.23 ~ 2023.01.17 제21대 용산이태원참사진상규명을위한국정조사특별위원회
2022.07.22 ~ 2023.06.14 제21대 행정안전위원회
2022.07.12 ~ 2022.08.02 제21대 중앙선거관리위원회위원(남래진)선출에관한인사청문특별위원회
2020.06.15 ~ 2022.05.29 제21대 국토교통위원회"
7615,"2022.07.22 ~ 2024.05.29 제21대 외교통일위원회
2020.06.15 ~ 2022.05.29 제21대 정보위원회
2020.06.15 ~ 2022.05.29 제21대 과학기술정보방송통신위원회"
7616,"2023.06.14 ~ 2024.05.29 제21대 예산결산특별위원회
2022.08.17 ~ 2022.11.24 제21대 대법관(오석준) 임명동의에 관한 인사청문특별위원회
2022.07.22 ~ 2024.05.29 제21대 법제사법위원회
2021.09.02 ~ 2021.09.06 제21대 대법관(오경미) 임명동의에 관한 인사청문특별위원회
2020.06.15 ~ 2022.05.29 제21대 산업통상자원중소벤처기업위원회"
7617,"2022.01.12 ~ 2022.06.09 제21대 국회 2030 부산세계박람회 유치지원 특별위원회
2020.07.06 ~ 2022.05.29 제21대 정보위원회
2020.06.15 ~ 2022.05.29 제21대 외교통일위원회"
7618,"2022.08.02 ~ 2024.05.29 제21대 정치개혁특별위원회
2022.07.22 ~ 2024.05.29 제21대 정보위원회
2022.07.22 ~ 2024.05.29 제21대 기획재정위원회
2021.12.01 ~ 2022.05.29 제21대 정치개혁 특별위원회
2021.08.25 ~ 2022.05.29 제21대 교육위원회
2020.07.06 ~ 2021.08.25 제21대 기획재정위원회
2020.07.06 ~ 2021.05.29 제21대 예산결산특별위원회
2020.06.29 ~ 2020.07.06 제21대 농림축산식품해양수산위원회"
7619,"2023.10.23 ~ 2024.05.29 제21대 국회운영위원회
2022.07.22 ~ 2024.05.29 제21대 농림축산식품해양수산위원회
2022.07.22 ~ 2023.05.29 제21대 예산결산특별위원회
2020.06.15 ~ 2022.05.29 제21대 농림축산식품해양수산위원회"
7620,"2023.12.05 ~ 2023.12.08 제21대 대법원장(조희대)임명동의에관한인사청문특별위원회
2022.09.27 ~ 2023.04.25 제21대 국회운영위원회
2022.08.02 ~ 2024.05.29 제21대 연금개혁특별위원회
2022.07.22 ~ 2023.04.07 제21대 정보위원회
2022.07.22 ~ 2024.05.29 제21대 기획재정위원회
2022.04.11 ~ 2022.05.20 제21대 국무총리후보자(한덕수)에 관한 인사청문특별위원회
2022.03.16 ~ 2022.05.29 제21대 기획재정위원회
2020.11.16 ~ 2022.03.16 제21대 과학기술정보방송통신위원회
2020.07.06 ~ 2021.05.04 제21대 정보위원회
2020.07.06 ~ 2020.11.16 제21대 보건복지위원회
2020.06.29 ~ 2020.07.06 제21대 행정안전위원회
2020.06.29 ~ 2021.06.08 제21대 국회운영위원회"
7621,"2023.09.15 ~ 2024.05.29 제21대 여성가족위원회
2022.07.22 ~ 2024.05.29 제21대 환경노동위원회
2020.07.06 ~ 2022.05.29 제21대 외교통일위원회
2020.06.29 ~ 2020.07.06 제21대 문화체육관광위원회"
7622,"2023.10.25 ~ 2023.11.30 제21대 헌법재판소장(이종석)임명동의에관한인사청문특별위원회
2022.11.23 ~ 2023.01.17 제21대 용산이태원참사진상규명과재발방지를위한국정조사특별위원회
2022.11.23 ~ 2023.01.17 제21대 용산이태원참사진상규명을위한국정조사특별위원회
2022.07.22 ~ 2024.05.29 제21대 기획재정위원회
2021.09.01 ~ 2022.05.29 제21대 정무위원회
2020.06.15 ~ 2021.09.01 제21대 국토교통위원회"
7623,"2023.11.20 ~ 2023.12.08 제21대 대법원장(조희대)임명동의에관한인사청문특별위원회
2023.06.14 ~ 2024.05.29 제21대 예산결산특별위원회
2022.07.22 ~ 2023.05.10 제21대 국회운영위원회
2022.07.22 ~ 2024.05.29 제21대 환경노동위원회
2022.04.07 ~ 2022.06.30 제21대 윤리특별위원회
2022.04.07 ~ 2022.05.29 제21대 국회운영위원회
2021.09.02 ~ 2021.09.16 제21대 대법관(오경미) 임명동의에 관한 인사청문특별위원회
2020.06.15 ~ 2022.05.29 제21대 국토교통위원회"
7624,"2022.11.23 ~ 2023.01.17 제21대 용산이태원참사진상규명과재발방지를위한국정조사특별위원회
2022.11.23 ~ 2023.01.17 제21대 용산이태원참사진상규명을위한국정조사특별위원회
2022.07.22 ~ 2023.03.24 제21대 국회운영위원회
2022.07.22 ~ 2024.05.29 제21대 행정안전위원회
2022.04.07 ~ 2022.05.29 제21대 국회운영위원회
2020.06.15 ~ 2022.05.29 제21대 국토교통위원회"
7625,"2022.07.22 ~ 2023.09.18 제21대 법제사법위원회
2022.04.11 ~ 2022.05.20 제21대 국무총리후보자(한덕수)에 관한 인사청문특별위원회
2020.11.30 ~ 2022.05.29 제21대 법제사법위원회
2020.09.11 ~ 2021.01.08 제21대 중앙선거관리위원회 위원(조병현·조성대) 선출에 관한 인사청문특별위원회
2020.06.15 ~ 2020.11.30 제21대 국토교통위원회"
7626,"2024.05.07 ~ 2024.05.29 제21대 법제사법위원회
2023.08.31 ~ 2023.10.06 제21대 대법원장(이균용)임명동의에관한인사청문특별위원회
2023.06.27 ~ 2023.07.18 제21대 대법관(권영준·서경환) 임명동의에 관한 인사청문특별위원회
2023.06.27 ~ 2023.07.18 제21대 대법관(권영준서경환)임명동의에관한인사청문특별위원회
2022.07.22 ~ 2023.05.10 제21대 국회운영위원회
2022.07.22 ~ 2024.05.07 제21대 행정안전위원회
2022.04.07 ~ 2022.05.29 제21대 국회운영위원회
2021.10.07 ~ 2021.11.11 제21대 감사원장(최재해) 임명동의에 관한 인사청문특별위원회
2021.07.02 ~ 2022.05.29 제21대 예산결산특별위원회
2021.04.20 ~ 2021.04.29 제21대 대법관(천대엽) 임명동의에 관한 인사청문특별위원회
2020.09.10 ~ 2022.06.30 제21대 윤리특별위원회
2020.06.15 ~ 2022.05.29 제21대 법제사법위원회"
7627,"2022.07.22 ~ 2024.05.29 제21대 정무위원회
2022.07.22 ~ 2024.05.29 제21대 여성가족위원회
2022.02.07 ~ 2022.03.14 제21대 예산결산특별위원회
2020.11.11 ~ 2021.06.08 제21대 국회운영위원회
2020.06.15 ~ 2022.05.29 제21대 산업통상자원중소벤처기업위원회"
7628,"2022.10.18 ~ 2024.05.29 제21대 여성가족위원회
2022.07.22 ~ 2024.05.29 제21대 보건복지위원회
2022.01.12 ~ 2023.12.31 제21대 국회 2030 부산세계박람회 유치지원 특별위원회
2020.06.15 ~ 2022.05.29 제21대 보건복지위원회
2020.06.15 ~ 2022.05.29 제21대 여성가족위원회"
8744,2022.07.22 ~ 2024.05.29 제21대 보건복지위원회
7629,"2022.07.22 ~ 2024.05.29 제21대 국토교통위원회
2022.07.21 ~ 2022.10.31 제21대 민생경제안정특별위원회
2022.01.12 ~ 2023.12.31 제21대 국회 2030 부산세계박람회 유치지원 특별위원회
2020.06.15 ~ 2020.11.04 제21대 예산결산특별위원회
2020.06.15 ~ 2022.05.29 제21대 농림축산식품해양수산위원회"
8734,"2022.07.22 ~ 2024.05.29 제21대 보건복지위원회
2022.03.16 ~ 2022.05.29 제21대 산업통상자원중소벤처기업위원회"
7630,"2023.06.14 ~ 2024.05.29 제21대 정무위원회
2023.02.09 ~ 2024.05.29 제21대 인구위기특별위원회
2022.07.22 ~ 2023.06.14 제21대 보건복지위원회
2020.07.14 ~ 2022.05.29 제21대 보건복지위원회
2020.06.15 ~ 2020.07.14 제21대 환경노동위원회
2020.06.15 ~ 2021.05.29 제21대 예산결산특별위원회"
7631,"2022.08.17 ~ 2023.05.29 제21대 예산결산특별위원회
2022.07.22 ~ 2024.05.29 제21대 농림축산식품해양수산위원회
2022.07.12 ~ 2022.08.02 제21대 중앙선거관리위원회위원(남래진)선출에관한인사청문특별위원회
2020.07.06 ~ 2022.05.29 제21대 행정안전위원회
2020.06.29 ~ 2020.07.06 제21대 예산결산특별위원회
2020.06.15 ~ 2020.07.06 제21대 국방위원회"
7632,"2023.11.17 ~ 2024.05.29 제21대 첨단전략산업특별위원회
2023.06.27 ~ 2023.07.18 제21대 대법관(권영준·서경환) 임명동의에 관한 인사청문특별위원회
2023.06.27 ~ 2023.07.18 제21대 대법관(권영준서경환)임명동의에관한인사청문특별위원회
2022.08.02 ~ 2024.05.29 제21대 정치개혁특별위원회
2022.07.26 ~ 2022.08.17 제21대 예산결산특별위원회
2022.07.22 ~ 2024.05.29 제21대 산업통상자원중소벤처기업위원회
2022.04.11 ~ 2022.05.20 제21대 국무총리후보자(한덕수)에 관한 인사청문특별위원회
2021.11.11 ~ 2022.05.29 제21대 언론·미디어 제도개선 특별위원회
2021.07.02 ~ 2022.05.29 제21대 예산결산특별위원회
2020.07.06 ~ 2022.05.29 제21대 문화체육관광위원회
2020.06.29 ~ 2020.07.06 제21대 환경노동위원회
2020.06.29 ~ 2021.05.29 제21대 예산결산특별위원회"
7633,"2023.04.07 ~ 2024.05.29 제21대 연금개혁특별위원회
2023.02.09 ~ 2024.05.29 제21대 인구위기특별위원회
2022.07.22 ~ 2024.05.29 제21대 보건복지위원회
2022.07.22 ~ 2023.05.29 제21대 예산결산특별위원회
2021.11.11 ~ 2021.12.06 제21대 언론·미디어 제도개선 특별위원회
2021.04.29 ~ 2022.04.07 제21대 국회운영위원회
2021.04.19 ~ 2021.04.29 제21대 대법관(천대엽) 임명동의에 관한 인사청문특별위원회
2020.06.15 ~ 2022.05.29 제21대 보건복지위원회
2020.06.15 ~ 2021.05.26 제21대 여성가족위원회"
7634,"2023.07.31 ~ 2024.05.29 제21대 교육위원회
2022.08.04 ~ 2023.07.31 제21대 과학기술정보방송통신위원회
2022.07.22 ~ 2022.08.04 제21대 보건복지위원회
2022.05.09 ~ 2022.05.29 제21대 행정안전위원회
2022.04.15 ~ 2022.05.09 제21대 산업통상자원중소벤처기업위원회
2021.06.08 ~ 2022.03.24 제21대 국회운영위원회
2021.05.10 ~ 2022.03.24 제21대 윤리특별위원회
2020.07.06 ~ 2021.05.29 제21대 예산결산특별위원회
2020.06.15 ~ 2022.04.15 제21대 기획재정위원회"
7635,"2023.02.03 ~ 2024.05.29 제21대 외교통일위원회
2023.01.25 ~ 2023.02.03 제21대 국방위원회
2022.07.22 ~ 2023.01.25 제21대 외교통일위원회
2021.06.08 ~ 2022.05.06 제21대 국회운영위원회
2020.06.15 ~ 2022.05.29 제21대 외교통일위원회"
7636,"2022.07.22 ~ 2024.05.29 제21대 과학기술정보방송통신위원회
2020.07.06 ~ 2022.05.29 제21대 국토교통위원회
2020.06.29 ~ 2020.07.06 제21대 농림축산식품해양수산위원회"
7637,"2022.07.22 ~ 2024.05.29 제21대 외교통일위원회
2020.07.06 ~ 2022.05.29 제21대 정보위원회
2020.06.15 ~ 2022.05.29 제21대 국방위원회"
7638,"2022.07.22 ~ 2024.05.29 제21대 국방위원회
2022.04.28 ~ 2022.05.29 제21대 국방위원회
2022.04.18 ~ 2022.04.28 제21대 법제사법위원회
2022.03.28 ~ 2022.04.18 제21대 국방위원회
2022.03.21 ~ 2022.03.28 제21대 정무위원회
2020.06.15 ~ 2022.03.21 제21대 국방위원회"
7639,"2023.02.09 ~ 2024.05.29 제21대 첨단전략산업특별위원회
2022.09.07 ~ 2023.03.24 제21대 국회운영위원회
2022.07.22 ~ 2024.05.29 제21대 산업통상자원중소벤처기업위원회
2022.07.22 ~ 2022.08.23 제21대 국회운영위원회
2022.07.22 ~ 2022.07.26 제21대 예산결산특별위원회
2022.05.06 ~ 2022.05.29 제21대 국회운영위원회
2022.01.12 ~ 2023.12.31 제21대 국회 2030 부산세계박람회 유치지원 특별위원회
2020.06.15 ~ 2022.05.29 제21대 산업통상자원중소벤처기업위원회"
7640,"2022.07.22 ~ 2024.05.29 제21대 기획재정위원회
2022.07.22 ~ 2023.05.29 제21대 예산결산특별위원회
2021.11.22 ~ 2022.05.29 제21대 행정안전위원회
2021.11.15 ~ 2021.11.22 제21대 국토교통위원회
2021.10.07 ~ 2022.04.07 제21대 윤리특별위원회
2021.04.29 ~ 2022.04.07 제21대 국회운영위원회
2020.06.15 ~ 2021.11.15 제21대 행정안전위원회"
7641,"2023.09.15 ~ 2024.05.29 제21대 기후위기특별위원회
2022.07.22 ~ 2024.05.29 제21대 보건복지위원회
2021.10.20 ~ 2022.05.29 제21대 행정안전위원회
2021.10.18 ~ 2021.10.20 제21대 정무위원회
2021.09.23 ~ 2021.10.18 제21대 행정안전위원회
2021.09.16 ~ 2021.09.23 제21대 문화체육관광위원회
2020.09.25 ~ 2021.09.16 제21대 행정안전위원회
2020.06.15 ~ 2020.09.25 제21대 보건복지위원회"
7642,"2022.07.22 ~ 2024.05.29 제21대 여성가족위원회
2022.07.22 ~ 2024.05.29 제21대 국토교통위원회
2022.03.24 ~ 2022.03.28 제21대 정치개혁 특별위원회
2021.11.11 ~ 2022.05.29 제21대 언론·미디어 제도개선 특별위원회
2021.11.02 ~ 2022.05.29 제21대 국토교통위원회
2021.07.28 ~ 2022.04.07 제21대 국회운영위원회
2020.06.15 ~ 2021.05.29 제21대 예산결산특별위원회
2020.06.15 ~ 2021.11.02 제21대 과학기술정보방송통신위원회"
8747,"2024.02.19 ~ 2024.02.29 제21대 대법관(신숙희·엄상필)임명동의에관한인사청문특별위원회
2023.10.25 ~ 2024.05.29 제21대 여성가족위원회
2023.10.04 ~ 2024.05.29 제21대 과학기술정보방송통신위원회"
7643,"2023.06.14 ~ 2024.05.29 제21대 예산결산특별위원회
2022.08.02 ~ 2023.11.28 제21대 정치개혁특별위원회
2022.07.22 ~ 2024.05.29 제21대 국토교통위원회
2021.07.02 ~ 2022.05.29 제21대 예산결산특별위원회
2020.06.15 ~ 2020.09.21 제21대 국회운영위원회
2020.06.15 ~ 2022.05.29 제21대 국토교통위원회"
7644,"2022.07.22 ~ 제21대 과학기술정보방송통신위원회
2022.03.28 ~ 2022.05.29 제21대 과학기술정보방송통신위원회
2022.03.21 ~ 2022.03.28 제21대 국방위원회
2021.11.11 ~ 2022.05.29 제21대 언론·미디어 제도개선 특별위원회
2020.06.29 ~ 2022.03.21 제21대 과학기술정보방송통신위원회
2020.06.29 ~ 2020.07.06 제21대 여성가족위원회"
7645,"2022.07.22 ~ 2024.05.29 제21대 국토교통위원회
2020.06.15 ~ 2022.05.29 제21대 보건복지위원회
2020.06.15 ~ 2021.05.29 제21대 예산결산특별위원회"
7646,"2023.06.14 ~ 2024.05.29 제21대 예산결산특별위원회
2023.02.09 ~ 2024.05.29 제21대 첨단전략산업특별위원회
2022.07.22 ~ 2024.05.29 제21대 국토교통위원회
2021.06.03 ~ 2022.04.07 제21대 국회운영위원회
2021.01.18 ~ 2022.05.29 제21대 정보위원회
2020.06.15 ~ 2022.05.29 제21대 국토교통위원회"
7647,"2022.07.22 ~ 2024.05.29 제21대 농림축산식품해양수산위원회
2021.10.07 ~ 2021.11.11 제21대 감사원장(최재해) 임명동의에 관한 인사청문특별위원회
2020.07.06 ~ 2022.05.29 제21대 농림축산식품해양수산위원회
2020.06.15 ~ 2020.07.06 제21대 외교통일위원회"
7648,"2022.07.22 ~ 2023.04.13 제21대 국회운영위원회
2022.07.22 ~ 2024.05.29 제21대 과학기술정보방송통신위원회
2022.07.22 ~ 2022.07.26 제21대 예산결산특별위원회
2022.05.12 ~ 2022.05.29 제21대 예산결산특별위원회
2022.05.06 ~ 2022.05.29 제21대 국회운영위원회
2021.10.18 ~ 2021.11.11 제21대 감사원장(최재해) 임명동의에 관한 인사청문특별위원회
2021.08.25 ~ 2022.05.29 제21대 과학기술정보방송통신위원회
2020.07.06 ~ 2021.05.29 제21대 예산결산특별위원회
2020.07.06 ~ 2021.08.25 제21대 환경노동위원회
2020.06.15 ~ 2020.07.06 제21대 산업통상자원중소벤처기업위원회"
7649,"2024.01.16 ~ 2024.05.29 제21대 정무위원회
2023.05.10 ~ 2024.05.29 제21대 국회운영위원회
2022.07.22 ~ 2023.05.29 제21대 예산결산특별위원회
2022.07.22 ~ 2024.01.16 제21대 기획재정위원회
2020.06.15 ~ 2021.04.29 제21대 국회운영위원회
2020.06.15 ~ 2022.05.29 제21대 정무위원회"
7650,"2022.07.22 ~ 2024.05.29 제21대 기획재정위원회
2020.06.15 ~ 2022.05.29 제21대 국방위원회"
7651,"2023.09.27 ~ 2024.05.29 제21대 정보위원회
2023.09.27 ~ 2024.05.29 제21대 국회운영위원회
2022.07.22 ~ 2024.05.29 제21대 문화체육관광위원회
2021.11.11 ~ 2022.05.29 제21대 언론·미디어 제도개선 특별위원회
2021.09.02 ~ 2021.09.16 제21대 대법관(오경미) 임명동의에 관한 인사청문특별위원회
2020.12.21 ~ 2022.05.29 제21대 과학기술정보방송통신위원회
2020.06.15 ~ 2020.12.21 제21대 기획재정위원회"
7652,"2023.11.20 ~ 2023.12.08 제21대 대법원장(조희대)임명동의에관한인사청문특별위원회
2023.05.10 ~ 2023.10.23 제21대 국회운영위원회
2023.02.09 ~ 2024.05.29 제21대 첨단전략산업특별위원회
2022.07.22 ~ 2023.06.22 제21대 여성가족위원회
2022.07.22 ~ 2024.05.29 제21대 산업통상자원중소벤처기업위원회
2022.03.28 ~ 2022.05.29 제21대 정치개혁 특별위원회
2022.03.03 ~ 2022.05.29 제21대 예산결산특별위원회
2021.12.01 ~ 2022.03.24 제21대 정치개혁 특별위원회
2021.08.17 ~ 2022.05.29 제21대 여성가족위원회
2021.07.02 ~ 2022.02.18 제21대 예산결산특별위원회
2020.12.21 ~ 2022.05.29 제21대 산업통상자원중소벤처기업위원회
2020.06.15 ~ 2021.04.29 제21대 국회운영위원회
2020.06.15 ~ 2020.12.21 제21대 과학기술정보방송통신위원회"
7653,"2022.03.28 ~ 2022.04.29 제21대 국방위원회
2022.03.21 ~ 2022.03.28 제21대 과학기술정보방송통신위원회
2022.01.14 ~ 2022.03.21 제21대 국방위원회
2021.05.26 ~ 2022.01.14 제21대 산업통상자원중소벤처기업위원회
2020.06.15 ~ 2021.05.29 제21대 예산결산특별위원회
2020.06.15 ~ 2021.05.26 제21대 국방위원회"
7654,"2023.02.09 ~ 2024.05.29 제21대 인구위기특별위원회
2022.07.22 ~ 2024.05.29 제21대 문화체육관광위원회
2021.11.11 ~ 2022.05.29 제21대 언론·미디어 제도개선 특별위원회
2020.07.06 ~ 2021.05.29 제21대 예산결산특별위원회
2020.07.06 ~ 2022.05.29 제21대 과학기술정보방송통신위원회
2020.06.29 ~ 2020.07.06 제21대 여성가족위원회
2020.06.29 ~ 2020.07.06 제21대 문화체육관광위원회"
7655,"2023.05.10 ~ 2023.10.23 제21대 국회운영위원회
2022.07.22 ~ 2024.05.29 제21대 정무위원회
2020.06.15 ~ 2022.05.29 제21대 산업통상자원중소벤처기업위원회
2020.06.15 ~ 2021.05.29 제21대 예산결산특별위원회"
7656,"2022.07.22 ~ 2024.05.29 제21대 외교통일위원회
2022.07.22 ~ 2023.05.29 제21대 예산결산특별위원회
2021.11.02 ~ 2022.05.29 제21대 과학기술정보방송통신위원회
2021.09.01 ~ 2021.11.02 제21대 국토교통위원회
2021.08.25 ~ 2021.09.01 제21대 정무위원회
2021.06.10 ~ 2021.08.25 제21대 국방위원회
2021.06.07 ~ 2021.06.10 제21대 교육위원회
2020.06.15 ~ 2021.06.07 제21대 국방위원회"
